1,5,CVX[5](14) DIS[6](4) MSFT[18](2) V[25](1) VZ[26](20) ,趨勢值,0.272711599811061,預期報酬,28457.516771131471614,風險,104350.224892697180621,夏普值報酬,0.153822360000000,夏普值風險,0.049790689970442,夏普值,3.089379964232558,最佳解實驗#,1,最佳解世代數,1709,最佳解出現次數,43,最佳解平均,0.272055341249810,最佳解標準差,0.001626522928839,每次實驗找到最佳解平均世代數,2136.000000000000000,有找到最佳解平均世代數,1709.000000000000000
2,2,BA[2](1) UNH[23](2) ,趨勢值,0.163542020334323,預期報酬,50992.305799486668548,風險,311799.412134233163670,夏普值報酬,0.261028550000000,夏普值風險,0.066387911051814,夏普值,3.931868707184852,最佳解實驗#,1,最佳解世代數,2106,最佳解出現次數,50,最佳解平均,0.163542020334323,最佳解標準差,0.000000000000000,每次實驗找到最佳解平均世代數,1961.000000000000000,有找到最佳解平均世代數,2106.000000000000000
3,4,BA[2](1) MCD[15](16) PG[21](17) UNH[23](2) ,趨勢值,0.124980527684016,預期報酬,17552.003542473918060,風險,140437.905549975752365,夏普值報酬,0.093934209000000,夏普值風險,0.029357692373932,夏普值,3.199645524026520,最佳解實驗#,1,最佳解世代數,2440,最佳解出現次數,50,最佳解平均,0.124980527684016,最佳解標準差,0.000000000000000,每次實驗找到最佳解平均世代數,2267.000000000000000,有找到最佳解平均世代數,2440.000000000000000,3,**有趨勢值為負的股票,PG 
4,4,BA[2](1) MCD[15](3) PG[21](2) TRV[22](4) ,趨勢值,0.174123912674916,預期報酬,22384.252798880443152,風險,128553.582647038099822,夏普值報酬,0.125128776000000,夏普值風險,0.039406672010275,夏普值,3.175319549120330,最佳解實驗#,1,最佳解世代數,1380,最佳解出現次數,50,最佳解平均,0.174123912674916,最佳解標準差,0.000000000000000,每次實驗找到最佳解平均世代數,2343.000000000000000,有找到最佳解平均世代數,1380.000000000000000
5,7,AAPL[0](4) CAT[3](2) CSCO[4](7) DIS[6](1) HD[9](3) MCD[15](6) WMT[28](24) ,趨勢值,0.418432928670465,預期報酬,37637.136192819642019,風險,89947.835397200804437,夏普值報酬,0.205629861000000,夏普值風險,0.060609923580567,夏普值,3.392676460425836,最佳解實驗#,1,最佳解世代數,2108,最佳解出現次數,50,最佳解平均,0.418432928670465,最佳解標準差,0.000000000000000,每次實驗找到最佳解平均世代數,2078.000000000000000,有找到最佳解平均世代數,2108.000000000000000
6,1,AAPL[0](1) ,趨勢值,0.085493306661023,預期報酬,50010.380582737016084,風險,584962.525558005436324,夏普值報酬,0.246859158000000,夏普值風險,0.067085125591511,夏普值,3.679789757019356,最佳解實驗#,1,最佳解世代數,2035,最佳解出現次數,50,最佳解平均,0.085493306661023,最佳解標準差,0.000000000000000,每次實驗找到最佳解平均世代數,2076.000000000000000,有找到最佳解平均世代數,2035.000000000000000
7,1,AAPL[0](1) ,趨勢值,0.050479776741487,預期報酬,22831.532369586631830,風險,452290.676452661107760,夏普值報酬,0.061600860000000,夏普值風險,0.041692131254180,夏普值,1.477517654936961,最佳解實驗#,1,最佳解世代數,2139,最佳解出現次數,50,最佳解平均,0.050479776741487,最佳解標準差,0.000000000000000,每次實驗找到最佳解平均世代數,2182.000000000000000,有找到最佳解平均世代數,2139.000000000000000
8,0,,趨勢值,0.000000000000000,預期報酬,0.000000000000000,風險,0.000000000000000,夏普值報酬,0.000000000000000,夏普值風險,0.000000000000000,夏普值,0.000000000000000,最佳解實驗#,1,最佳解世代數,0,最佳解出現次數,50,最佳解平均,0.000000000000000,最佳解標準差,0.000000000000000,每次實驗找到最佳解平均世代數,0.000000000000000,有找到最佳解平均世代數,0.000000000000000
9,3,MCD[15](2) MRK[17](6) VZ[26](1) ,趨勢值,0.107983820811059,預期報酬,16601.561082047726813,風險,153741.189720408932772,夏普值報酬,0.085928620000000,夏普值風險,0.029181349845106,夏普值,2.944641713152631,最佳解實驗#,1,最佳解世代數,1900,最佳解出現次數,50,最佳解平均,0.107983820811059,最佳解標準差,0.000000000000000,每次實驗找到最佳解平均世代數,2041.000000000000000,有找到最佳解平均世代數,1900.000000000000000
10,2,MCD[15](5) VZ[26](1) ,趨勢值,0.213965060172483,預期報酬,32612.152697562607500,風險,152418.122245160397142,夏普值報酬,0.178829769000000,夏普值風險,0.047378353030483,夏普值,3.774503703937117,最佳解實驗#,1,最佳解世代數,2615,最佳解出現次數,50,最佳解平均,0.213965060172483,最佳解標準差,0.000000000000000,每次實驗找到最佳解平均世代數,2144.000000000000000,有找到最佳解平均世代數,2615.000000000000000
11,3,KO[14](2) MCD[15](1) VZ[26](3) ,趨勢值,0.210430573449927,預期報酬,19897.086212991944194,風險,94554.160485270738718,夏普值報酬,0.106456602000000,夏普值風險,0.032534833155420,夏普值,3.272080772366448,最佳解實驗#,1,最佳解世代數,1629,最佳解出現次數,50,最佳解平均,0.210430573449927,最佳解標準差,0.000000000000000,每次實驗找到最佳解平均世代數,2315.000000000000000,有找到最佳解平均世代數,1629.000000000000000
12,3,INTC[11](2) KO[14](1) XOM[29](3) ,趨勢值,0.253335706059713,預期報酬,31049.418333333309420,風險,122562.345499038303387,夏普值報酬,0.159611642000000,夏普值風險,0.047433638942141,夏普值,3.364946176587693,最佳解實驗#,1,最佳解世代數,1685,最佳解出現次數,50,最佳解平均,0.253335706059712,最佳解標準差,0.000000000000000,每次實驗找到最佳解平均世代數,2042.000000000000000,有找到最佳解平均世代數,1685.000000000000000
13,3,CAT[3](12) DIS[6](5) KO[14](1) ,趨勢值,0.295317222406177,預期報酬,24904.808456507147639,風險,84332.394343914260389,夏普值報酬,0.140526557000000,夏普值風險,0.042407444254651,夏普值,3.313723792364329,最佳解實驗#,1,最佳解世代數,2181,最佳解出現次數,50,最佳解平均,0.295317222406177,最佳解標準差,0.000000000000000,每次實驗找到最佳解平均世代數,2585.000000000000000,有找到最佳解平均世代數,2181.000000000000000
14,6,CAT[3](2) DIS[6](10) IBM[10](16) KO[14](15) WBA[27](3) XOM[29](1) ,趨勢值,0.249962403595870,預期報酬,23598.876860822099843,風險,94409.705305026160204,夏普值報酬,0.136355855000000,夏普值風險,0.038567447408239,夏普值,3.535516715863127,最佳解實驗#,1,最佳解世代數,1818,最佳解出現次數,50,最佳解平均,0.249962403595870,最佳解標準差,0.000000000000000,每次實驗找到最佳解平均世代數,2414.000000000000000,有找到最佳解平均世代數,1818.000000000000000
15,5,CVX[5](3) DIS[6](11) IBM[10](8) WBA[27](5) XOM[29](1) ,趨勢值,0.363393281853383,預期報酬,36541.594706117539317,風險,100556.605008622282185,夏普值報酬,0.210680969000000,夏普值風險,0.053396771749947,夏普值,3.945575024396694,最佳解實驗#,1,最佳解世代數,3316,最佳解出現次數,29,最佳解平均,0.359384312358157,最佳解標準差,0.004713649691564,每次實驗找到最佳解平均世代數,2583.000000000000000,有找到最佳解平均世代數,3316.000000000000000
16,2,CVX[5](2) PFE[20](1) ,趨勢值,0.230586281165156,預期報酬,26626.910441658976197,風險,115474.824899004495819,夏普值報酬,0.160239736000000,夏普值風險,0.043160760929838,夏普值,3.712625369614892,最佳解實驗#,1,最佳解世代數,2400,最佳解出現次數,50,最佳解平均,0.230586281165156,最佳解標準差,0.000000000000000,每次實驗找到最佳解平均世代數,2346.000000000000000,有找到最佳解平均世代數,2400.000000000000000
17,3,CVX[5](1) KO[14](5) PFE[20](2) ,趨勢值,0.155900869320854,預期報酬,21223.459528602150385,風險,136134.324465650337515,夏普值報酬,0.116952588000000,夏普值風險,0.031642187556568,夏普值,3.696096794537950,最佳解實驗#,1,最佳解世代數,2242,最佳解出現次數,50,最佳解平均,0.155900869320854,最佳解標準差,0.000000000000000,每次實驗找到最佳解平均世代數,2022.000000000000000,有找到最佳解平均世代數,2242.000000000000000
18,2,AXP[1](1) PFE[20](2) ,趨勢值,0.187883686029431,預期報酬,21394.107445214667678,風險,113868.893555044414825,夏普值報酬,0.140882246000000,夏普值風險,0.039466105414426,夏普值,3.569702267822566,最佳解實驗#,1,最佳解世代數,1857,最佳解出現次數,50,最佳解平均,0.187883686029431,最佳解標準差,0.000000000000000,每次實驗找到最佳解平均世代數,2046.000000000000000,有找到最佳解平均世代數,1857.000000000000000
19,1,MCD[15](1) ,趨勢值,0.128720965440204,預期報酬,15930.403588418628715,風險,123759.199085706961341,夏普值報酬,0.099461129000000,夏普值風險,0.030178028897501,夏普值,3.295812636995477,最佳解實驗#,1,最佳解世代數,2432,最佳解出現次數,50,最佳解平均,0.128720965440204,最佳解標準差,0.000000000000000,每次實驗找到最佳解平均世代數,2295.000000000000000,有找到最佳解平均世代數,2432.000000000000000
20,1,MCD[15](1) ,趨勢值,0.131144058247392,預期報酬,18009.729876265460916,風險,137327.837165841629030,夏普值報酬,0.095628449000000,夏普值風險,0.031860000201594,夏普值,3.001520665251491,最佳解實驗#,1,最佳解世代數,2031,最佳解出現次數,50,最佳解平均,0.131144058247392,最佳解標準差,0.000000000000000,每次實驗找到最佳解平均世代數,2100.000000000000000,有找到最佳解平均世代數,2031.000000000000000
21,1,MCD[15](1) ,趨勢值,0.078273646568679,預期報酬,13853.683242513194273,風險,176990.390122653188882,夏普值報酬,0.100080793000000,夏普值風險,0.033047835339266,夏普值,3.028361524214185,最佳解實驗#,1,最佳解世代數,2546,最佳解出現次數,50,最佳解平均,0.078273646568679,最佳解標準差,0.000000000000000,每次實驗找到最佳解平均世代數,2130.000000000000000,有找到最佳解平均世代數,2546.000000000000000
22,2,AAPL[0](1) MCD[15](2) ,趨勢值,0.067115314553541,預期報酬,22205.054951923084445,風險,330849.301677771261893,夏普值報酬,0.080041250000000,夏普值風險,0.029218901847742,夏普值,2.739365442859253,最佳解實驗#,1,最佳解世代數,2113,最佳解出現次數,50,最佳解平均,0.067115314553541,最佳解標準差,0.000000000000000,每次實驗找到最佳解平均世代數,2062.000000000000000,有找到最佳解平均世代數,2113.000000000000000
23,1,PG[21](1) ,趨勢值,0.048593319497624,預期報酬,8013.923776437297420,風險,164918.220432115253061,夏普值報酬,0.031957000000000,夏普值風險,0.025952931888374,夏普值,1.231344502326356,最佳解實驗#,1,最佳解世代數,2197,最佳解出現次數,50,最佳解平均,0.048593319497624,最佳解標準差,0.000000000000000,每次實驗找到最佳解平均世代數,2268.000000000000000,有找到最佳解平均世代數,2197.000000000000000
24,3,CSCO[4](2) HD[9](3) INTC[11](1) ,趨勢值,0.098995805065787,預期報酬,30417.221183680161630,風險,307257.677872981352266,夏普值報酬,0.191948100000000,夏普值風險,0.061066339340630,夏普值,3.143271761048376,最佳解實驗#,1,最佳解世代數,1923,最佳解出現次數,50,最佳解平均,0.098995805065787,最佳解標準差,0.000000000000000,每次實驗找到最佳解平均世代數,2012.000000000000000,有找到最佳解平均世代數,1923.000000000000000
25,2,HD[9](1) MCD[15](2) ,趨勢值,0.185573626312492,預期報酬,33076.107608736412658,風險,178237.114109301328426,夏普值報酬,0.202012972000000,夏普值風險,0.055507425076246,夏普值,3.639386473476515,最佳解實驗#,1,最佳解世代數,2137,最佳解出現次數,50,最佳解平均,0.185573626312491,最佳解標準差,0.000000000000000,每次實驗找到最佳解平均世代數,2166.000000000000000,有找到最佳解平均世代數,2137.000000000000000
26,1,HD[9](1) ,趨勢值,0.217297304118902,預期報酬,43189.086223287267785,風險,198755.738817885721801,夏普值報酬,0.231243611000000,夏普值風險,0.071014730049047,夏普值,3.256276702598023,最佳解實驗#,1,最佳解世代數,2136,最佳解出現次數,50,最佳解平均,0.217297304118903,最佳解標準差,0.000000000000000,每次實驗找到最佳解平均世代數,2144.000000000000000,有找到最佳解平均世代數,2136.000000000000000
27,4,AAPL[0](5) BA[2](7) MSFT[18](3) PFE[20](19) ,趨勢值,0.426628983028414,預期報酬,32011.635847467456188,風險,75033.898588496682351,夏普值報酬,0.192296409000000,夏普值風險,0.053156554799245,夏普值,3.617548385636384,最佳解實驗#,1,最佳解世代數,2168,最佳解出現次數,50,最佳解平均,0.426628983028414,最佳解標準差,0.000000000000000,每次實驗找到最佳解平均世代數,2440.000000000000000,有找到最佳解平均世代數,2168.000000000000000
28,8,AAPL[0](2) GS[8](8) HD[9](1) IBM[10](7) KO[14](25) MSFT[18](9) PG[21](28) V[25](11) ,趨勢值,0.466356769363103,預期報酬,35802.668960737333691,風險,76770.985890550204203,夏普值報酬,0.198451605000000,夏普值風險,0.056938517088749,夏普值,3.485366587448679,最佳解實驗#,1,最佳解世代數,2621,最佳解出現次數,46,最佳解平均,0.466195048613789,最佳解標準差,0.001025822765784,每次實驗找到最佳解平均世代數,2505.000000000000000,有找到最佳解平均世代數,2621.000000000000000,28,**有趨勢值為負的股票,KO PG 
29,2,HD[9](1) KO[14](3) ,趨勢值,0.284838084979912,預期報酬,23286.055898740403791,風險,81751.904421006853227,夏普值報酬,0.139649720000000,夏普值風險,0.039346026788221,夏普值,3.549271207272336,最佳解實驗#,1,最佳解世代數,2238,最佳解出現次數,49,最佳解平均,0.283702449239707,最佳解標準差,0.007949450181433,每次實驗找到最佳解平均世代數,2653.000000000000000,有找到最佳解平均世代數,2238.000000000000000
30,3,KO[14](1) TRV[22](3) WMT[28](8) ,趨勢值,0.140441345214982,預期報酬,13633.690483788013807,風險,97077.470049279741943,夏普值報酬,0.078601964000000,夏普值風險,0.027596790063057,夏普值,2.848228501227879,最佳解實驗#,1,最佳解世代數,2513,最佳解出現次數,50,最佳解平均,0.140441345214983,最佳解標準差,0.000000000000000,每次實驗找到最佳解平均世代數,2176.000000000000000,有找到最佳解平均世代數,2513.000000000000000
31,3,TRV[22](2) VZ[26](1) WMT[28](3) ,趨勢值,0.125972943825394,預期報酬,17064.882949006372655,風險,135464.667497643706156,夏普值報酬,0.117976627000000,夏普值風險,0.038339301373823,夏普值,3.077172060327378,最佳解實驗#,1,最佳解世代數,2372,最佳解出現次數,50,最佳解平均,0.125972943825394,最佳解標準差,0.000000000000000,每次實驗找到最佳解平均世代數,2052.000000000000000,有找到最佳解平均世代數,2372.000000000000000
32,2,DIS[6](2) WMT[28](1) ,趨勢值,0.318817863632043,預期報酬,33243.653333855108940,風險,104271.614379244929296,夏普值報酬,0.192963146000000,夏普值風險,0.055458233043897,夏普值,3.479431914955955,最佳解實驗#,1,最佳解世代數,1823,最佳解出現次數,50,最佳解平均,0.318817863632043,最佳解標準差,0.000000000000000,每次實驗找到最佳解平均世代數,2013.000000000000000,有找到最佳解平均世代數,1823.000000000000000
33,8,AAPL[0](12) CSCO[4](22) HD[9](10) JNJ[12](11) MRK[17](6) PFE[20](3) WBA[27](13) WMT[28](8) ,趨勢值,0.248320355656947,預期報酬,21869.276199220625131,風險,88068.801856231701095,夏普值報酬,0.123971145000000,夏普值風險,0.040014343084374,夏普值,3.098167692984382,最佳解實驗#,1,最佳解世代數,2693,最佳解出現次數,49,最佳解平均,0.248228496919321,最佳解標準差,0.000643011163385,每次實驗找到最佳解平均世代數,2160.000000000000000,有找到最佳解平均世代數,2693.000000000000000
34,7,AAPL[0](3) GS[8](4) HD[9](15) MCD[15](19) PFE[20](5) PG[21](1) WBA[27](7) ,趨勢值,0.305596511947739,預期報酬,23818.103711332962121,風險,77939.710631926805945,夏普值報酬,0.126806570000000,夏普值風險,0.041747297384285,夏普值,3.037479739891710,最佳解實驗#,1,最佳解世代數,2372,最佳解出現次數,27,最佳解平均,0.303992669878903,最佳解標準差,0.002252334385401,每次實驗找到最佳解平均世代數,2278.000000000000000,有找到最佳解平均世代數,2372.000000000000000
35,2,TRV[22](1) UNH[23](5) ,趨勢值,0.249753486426908,預期報酬,22668.401264763768268,風險,90763.102405771103804,夏普值報酬,0.105513038000000,夏普值風險,0.037106824375845,夏普值,2.843494148981539,最佳解實驗#,1,最佳解世代數,3310,最佳解出現次數,38,最佳解平均,0.247875129427884,最佳解標準差,0.003342560777305,每次實驗找到最佳解平均世代數,2619.000000000000000,有找到最佳解平均世代數,3310.000000000000000
36,1,V[25](1) ,趨勢值,0.152037089808451,預期報酬,25516.957064271064155,風險,167833.764092824043473,夏普值報酬,0.158798355000000,夏普值風險,0.038592398779449,夏普值,4.114757310306491,最佳解實驗#,1,最佳解世代數,2579,最佳解出現次數,50,最佳解平均,0.152037089808451,最佳解標準差,0.000000000000000,每次實驗找到最佳解平均世代數,2244.000000000000000,有找到最佳解平均世代數,2579.000000000000000
37,1,V[25](1) ,趨勢值,0.138247245133438,預期報酬,21918.991458064534527,風險,158549.209692446660483,夏普值報酬,0.120284205000000,夏普值風險,0.032734799042087,夏普值,3.674505679578199,最佳解實驗#,1,最佳解世代數,2538,最佳解出現次數,50,最佳解平均,0.138247245133438,最佳解標準差,0.000000000000000,每次實驗找到最佳解平均世代數,2337.000000000000000,有找到最佳解平均世代數,2538.000000000000000
38,3,CSCO[4](2) MMM[16](3) NKE[19](1) ,趨勢值,0.258089413260432,預期報酬,31441.736595883270638,風險,121824.976075853744987,夏普值報酬,0.168025195000000,夏普值風險,0.051820014360733,夏普值,3.242476812729770,最佳解實驗#,1,最佳解世代數,2024,最佳解出現次數,50,最佳解平均,0.258089413260432,最佳解標準差,0.000000000000000,每次實驗找到最佳解平均世代數,2422.000000000000000,有找到最佳解平均世代數,2024.000000000000000
39,7,AXP[1](9) GS[8](3) JNJ[12](8) MCD[15](6) NKE[19](10) VZ[26](26) WBA[27](5) ,趨勢值,0.321538656483560,預期報酬,25852.468220430826477,風險,80402.364378706130083,夏普值報酬,0.127841472000000,夏普值風險,0.041208138077212,夏普值,3.102335557128595,最佳解實驗#,1,最佳解世代數,2486,最佳解出現次數,50,最佳解平均,0.321538656483560,最佳解標準差,0.000000000000000,每次實驗找到最佳解平均世代數,2142.000000000000000,有找到最佳解平均世代數,2486.000000000000000
40,3,JNJ[12](1) TRV[22](2) VZ[26](20) ,趨勢值,0.432484496345705,預期報酬,25317.150557648015820,風險,58538.862714308386785,夏普值報酬,0.148359017000000,夏普值風險,0.040459693205076,夏普值,3.666834947265170,最佳解實驗#,1,最佳解世代數,2424,最佳解出現次數,47,最佳解平均,0.429625716919457,最佳解標準差,0.011315374952882,每次實驗找到最佳解平均世代數,2601.000000000000000,有找到最佳解平均世代數,2424.000000000000000
41,3,JNJ[12](1) TRV[22](3) VZ[26](2) ,趨勢值,0.458754226077714,預期報酬,25117.431331596399104,風險,54751.389532358058204,夏普值報酬,0.150554613000000,夏普值風險,0.041705533817632,夏普值,3.609943314916829,最佳解實驗#,1,最佳解世代數,2926,最佳解出現次數,44,最佳解平均,0.448061617886848,最佳解標準差,0.029343913896252,每次實驗找到最佳解平均世代數,2780.000000000000000,有找到最佳解平均世代數,2926.000000000000000
42,6,BA[2](1) HD[9](5) INTC[11](8) MSFT[18](9) UNH[23](10) WBA[27](7) ,趨勢值,0.494666704195545,預期報酬,34857.783306909652310,風險,70467.211581578594632,夏普值報酬,0.190052712000000,夏普值風險,0.057272151409406,夏普值,3.318414051559248,最佳解實驗#,1,最佳解世代數,2242,最佳解出現次數,50,最佳解平均,0.494666704195545,最佳解標準差,0.000000000000000,每次實驗找到最佳解平均世代數,2263.000000000000000,有找到最佳解平均世代數,2242.000000000000000
43,3,BA[2](1) INTC[11](3) UNH[23](5) ,趨勢值,0.166754648701692,預期報酬,27266.999704271027440,風險,163515.679572141962126,夏普值報酬,0.140375696000000,夏普值風險,0.043046913599726,夏普值,3.260993280616830,最佳解實驗#,1,最佳解世代數,2465,最佳解出現次數,50,最佳解平均,0.166754648701692,最佳解標準差,0.000000000000000,每次實驗找到最佳解平均世代數,2299.000000000000000,有找到最佳解平均世代數,2465.000000000000000
44,2,BA[2](1) UNH[23](2) ,趨勢值,0.171120228766869,預期報酬,28678.949467576028837,風險,167595.319818369636778,夏普值報酬,0.173973122000000,夏普值風險,0.047110279830088,夏普值,3.692890864318045,最佳解實驗#,3,最佳解世代數,2192,最佳解出現次數,24,最佳解平均,0.170792283901630,最佳解標準差,0.000315079234924,每次實驗找到最佳解平均世代數,2359.000000000000000,有找到最佳解平均世代數,2192.000000000000000
45,1,UNH[23](1) ,趨勢值,0.116770256563472,預期報酬,29967.660729203907977,風險,256637.791259066376369,夏普值報酬,0.136756637000000,夏普值風險,0.056661578161702,夏普值,2.413569149269405,最佳解實驗#,1,最佳解世代數,1893,最佳解出現次數,50,最佳解平均,0.116770256563472,最佳解標準差,0.000000000000000,每次實驗找到最佳解平均世代數,2406.000000000000000,有找到最佳解平均世代數,1893.000000000000000
46,4,AAPL[0](2) BA[2](7) DD[7](1) NKE[19](11) ,趨勢值,0.215887851374787,預期報酬,29001.858441077816678,風險,134337.612127742613666,夏普值報酬,0.162261844000000,夏普值風險,0.044516163979319,夏普值,3.645009576193132,最佳解實驗#,1,最佳解世代數,1705,最佳解出現次數,50,最佳解平均,0.215887851374786,最佳解標準差,0.000000000000000,每次實驗找到最佳解平均世代數,2150.000000000000000,有找到最佳解平均世代數,1705.000000000000000
47,6,AAPL[0](6) BA[2](3) DD[7](2) MSFT[18](5) NKE[19](1) UNH[23](19) ,趨勢值,0.182443123322112,預期報酬,19943.410659477918671,風險,109313.030254732511821,夏普值報酬,0.120680135000000,夏普值風險,0.034326891409750,夏普值,3.515615019125256,最佳解實驗#,1,最佳解世代數,2152,最佳解出現次數,50,最佳解平均,0.182443123322112,最佳解標準差,0.000000000000000,每次實驗找到最佳解平均世代數,1984.000000000000000,有找到最佳解平均世代數,2152.000000000000000,47,**有趨勢值為負的股票,UNH 
48,5,AAPL[0](20) BA[2](1) MSFT[18](17) NKE[19](3) UNH[23](29) ,趨勢值,0.330678040941913,預期報酬,26611.110587504703290,風險,80474.380795606630272,夏普值報酬,0.165864305000000,夏普值風險,0.044875165431613,夏普值,3.696126875627145,最佳解實驗#,2,最佳解世代數,2239,最佳解出現次數,43,最佳解平均,0.327694161671062,最佳解標準差,0.007395481503011,每次實驗找到最佳解平均世代數,2392.000000000000000,有找到最佳解平均世代數,2239.000000000000000,48,**有趨勢值為負的股票,UNH 
49,2,AAPL[0](3) XOM[29](1) ,趨勢值,0.314231089689099,預期報酬,28121.739317531304550,風險,89493.815985410590656,夏普值報酬,0.167783432000000,夏普值風險,0.047197093202785,夏普值,3.554952659459567,最佳解實驗#,1,最佳解世代數,2308,最佳解出現次數,22,最佳解平均,0.301809356357902,最佳解標準差,0.011010689768406,每次實驗找到最佳解平均世代數,2411.000000000000000,有找到最佳解平均世代數,2308.000000000000000
50,3,CAT[3](4) MRK[17](1) V[25](3) ,趨勢值,0.212853597971060,預期報酬,23052.437175053757528,風險,108301.844059915994876,夏普值報酬,0.123534421000000,夏普值風險,0.039548045875043,夏普值,3.123654235415918,最佳解實驗#,1,最佳解世代數,2818,最佳解出現次數,34,最佳解平均,0.208457897893069,最佳解標準差,0.006407778924733,每次實驗找到最佳解平均世代數,2240.000000000000000,有找到最佳解平均世代數,2818.000000000000000
51,3,CAT[3](1) DD[7](2) MRK[17](5) ,趨勢值,0.188270643382833,預期報酬,26560.177168100512063,風險,141074.448415691440459,夏普值報酬,0.170263847000000,夏普值風險,0.047077821024469,夏普值,3.616646720150980,最佳解實驗#,1,最佳解世代數,2341,最佳解出現次數,50,最佳解平均,0.188270643382833,最佳解標準差,0.000000000000000,每次實驗找到最佳解平均世代數,1953.000000000000000,有找到最佳解平均世代數,2341.000000000000000
52,3,DD[7](4) JNJ[12](7) MRK[17](1) ,趨勢值,0.121619274616599,預期報酬,16493.027536598270672,風險,135611.954507968388498,夏普值報酬,0.091692865000000,夏普值風險,0.034657722489835,夏普值,2.645669086504251,最佳解實驗#,1,最佳解世代數,2036,最佳解出現次數,50,最佳解平均,0.121619274616599,最佳解標準差,0.000000000000000,每次實驗找到最佳解平均世代數,2091.000000000000000,有找到最佳解平均世代數,2036.000000000000000
53,6,CVX[5](5) JNJ[12](1) KO[14](17) MCD[15](7) PG[21](2) UNH[23](15) ,趨勢值,0.252404366533435,預期報酬,14914.639649688519057,風險,59090.260024138107838,夏普值報酬,0.081299484000000,夏普值風險,0.026849699415753,夏普值,3.027947640721050,最佳解實驗#,1,最佳解世代數,2226,最佳解出現次數,50,最佳解平均,0.252404366533435,最佳解標準差,0.000000000000000,每次實驗找到最佳解平均世代數,2120.000000000000000,有找到最佳解平均世代數,2226.000000000000000
54,5,JNJ[12](1) KO[14](3) MCD[15](2) TRV[22](7) UNH[23](18) ,趨勢值,0.254798129228400,預期報酬,12636.852960840826199,風險,49595.548441068734974,夏普值報酬,0.067997630000000,夏普值風險,0.022605670932061,夏普值,3.007989906796439,最佳解實驗#,2,最佳解世代數,2495,最佳解出現次數,38,最佳解平均,0.251792915392471,最佳解標準差,0.005347817215051,每次實驗找到最佳解平均世代數,2443.000000000000000,有找到最佳解平均世代數,2495.000000000000000
55,8,AAPL[0](2) CAT[3](7) CSCO[4](4) INTC[11](13) KO[14](8) MCD[15](11) TRV[22](1) VZ[26](15) ,趨勢值,0.386197478548775,預期報酬,18018.121424353204930,風險,46655.202131459853263,夏普值報酬,0.099853983000000,夏普值風險,0.031417957067429,夏普值,3.178245574201250,最佳解實驗#,1,最佳解世代數,1905,最佳解出現次數,50,最佳解平均,0.386197478548775,最佳解標準差,0.000000000000000,每次實驗找到最佳解平均世代數,2009.000000000000000,有找到最佳解平均世代數,1905.000000000000000
56,8,AAPL[0](2) CSCO[4](3) CVX[5](16) DIS[6](4) INTC[11](7) MCD[15](25) UNH[23](1) VZ[26](6) ,趨勢值,0.319209555705539,預期報酬,17893.726087768340221,風險,56056.360995266528334,夏普值報酬,0.078722210000000,夏普值風險,0.032782041679180,夏普值,2.401382158268553,最佳解實驗#,1,最佳解世代數,2376,最佳解出現次數,50,最佳解平均,0.319209555705539,最佳解標準差,0.000000000000000,每次實驗找到最佳解平均世代數,2138.000000000000000,有找到最佳解平均世代數,2376.000000000000000,56,**有趨勢值為負的股票,MCD 
57,3,DIS[6](5) INTC[11](1) PG[21](18) ,趨勢值,0.191758596169051,預期報酬,20288.672716793371364,風險,105803.197990181331988,夏普值報酬,0.116890087000000,夏普值風險,0.036785199271224,夏普值,3.177639086257185,最佳解實驗#,1,最佳解世代數,1972,最佳解出現次數,50,最佳解平均,0.191758596169051,最佳解標準差,0.000000000000000,每次實驗找到最佳解平均世代數,2240.000000000000000,有找到最佳解平均世代數,1972.000000000000000
58,4,DIS[6](6) GS[8](2) MSFT[18](1) PG[21](3) ,趨勢值,0.158369254368594,預期報酬,14570.863224060816719,風險,92005.631283381022513,夏普值報酬,0.069294525000000,夏普值風險,0.026842431856197,夏普值,2.581529325332045,最佳解實驗#,2,最佳解世代數,4059,最佳解出現次數,25,最佳解平均,0.158165141160111,最佳解標準差,0.000204113208483,每次實驗找到最佳解平均世代數,2611.000000000000000,有找到最佳解平均世代數,4059.000000000000000
59,3,KO[14](7) NKE[19](1) UNH[23](5) ,趨勢值,0.161582262570640,預期報酬,20288.753625794059190,風險,125562.999942052760161,夏普值報酬,0.139131421000000,夏普值風險,0.037279945339502,夏普值,3.732071485967966,最佳解實驗#,1,最佳解世代數,4054,最佳解出現次數,49,最佳解平均,0.161578067644609,最佳解標準差,0.000029364482215,每次實驗找到最佳解平均世代數,2452.000000000000000,有找到最佳解平均世代數,4054.000000000000000
60,1,NKE[19](1) ,趨勢值,0.172219217351407,預期報酬,40896.052002718388394,風險,237465.090317252004752,夏普值報酬,0.255301534000000,夏普值風險,0.067233242748601,夏普值,3.797251531576804,最佳解實驗#,1,最佳解世代數,2072,最佳解出現次數,50,最佳解平均,0.172219217351407,最佳解標準差,0.000000000000000,每次實驗找到最佳解平均世代數,2102.000000000000000,有找到最佳解平均世代數,2072.000000000000000
61,2,UNH[23](2) WBA[27](1) ,趨勢值,0.207388925613465,預期報酬,36099.590137969571515,風險,174067.106192799139535,夏普值報酬,0.220148751000000,夏普值風險,0.067565632764616,夏普值,3.258294816344715,最佳解實驗#,1,最佳解世代數,2160,最佳解出現次數,50,最佳解平均,0.207388925613465,最佳解標準差,0.000000000000000,每次實驗找到最佳解平均世代數,2079.000000000000000,有找到最佳解平均世代數,2160.000000000000000
62,4,BA[2](11) PFE[20](3) UTX[24](2) WBA[27](1) ,趨勢值,0.199174918412908,預期報酬,20532.350019218119996,風險,103087.026131737380638,夏普值報酬,0.098375580000000,夏普值風險,0.031519690570509,夏普值,3.121083304416789,最佳解實驗#,1,最佳解世代數,1998,最佳解出現次數,50,最佳解平均,0.199174918412908,最佳解標準差,0.000000000000000,每次實驗找到最佳解平均世代數,2295.000000000000000,有找到最佳解平均世代數,1998.000000000000000
63,4,HD[9](3) UNH[23](2) UTX[24](1) WBA[27](4) ,趨勢值,0.152572867016132,預期報酬,22750.827146818704932,風險,149114.502412891248241,夏普值報酬,0.147516019000000,夏普值風險,0.040419598703350,夏普值,3.649616120205954,最佳解實驗#,1,最佳解世代數,2263,最佳解出現次數,50,最佳解平均,0.152572867016132,最佳解標準差,0.000000000000000,每次實驗找到最佳解平均世代數,2060.000000000000000,有找到最佳解平均世代數,2263.000000000000000
64,4,BA[2](2) PFE[20](3) UNH[23](1) WBA[27](8) ,趨勢值,0.196457751538588,預期報酬,27450.849593323964655,風險,139729.022542193270056,夏普值報酬,0.129528298000000,夏普值風險,0.046687394244148,夏普值,2.774374113120154,最佳解實驗#,1,最佳解世代數,2191,最佳解出現次數,50,最佳解平均,0.196457751538588,最佳解標準差,0.000000000000000,每次實驗找到最佳解平均世代數,2235.000000000000000,有找到最佳解平均世代數,2191.000000000000000
65,3,IBM[10](7) NKE[19](1) WBA[27](2) ,趨勢值,0.134266176796938,預期報酬,24300.169774869424145,風險,180985.042954046599334,夏普值報酬,0.095656173000000,夏普值風險,0.033473532740050,夏普值,2.857665898094805,最佳解實驗#,1,最佳解世代數,2238,最佳解出現次數,50,最佳解平均,0.134266176796938,最佳解標準差,0.000000000000000,每次實驗找到最佳解平均世代數,2086.000000000000000,有找到最佳解平均世代數,2238.000000000000000
66,3,DIS[6](1) GS[8](3) NKE[19](2) ,趨勢值,0.118408470444584,預期報酬,10938.062026152980252,風險,92375.671986001048936,夏普值報酬,0.055898278000000,夏普值風險,0.023186026284317,夏普值,2.410860632803189,最佳解實驗#,1,最佳解世代數,2514,最佳解出現次數,50,最佳解平均,0.118408470444584,最佳解標準差,0.000000000000000,每次實驗找到最佳解平均世代數,2388.000000000000000,有找到最佳解平均世代數,2514.000000000000000
67,4,DIS[6](3) GS[8](2) JPM[13](1) NKE[19](8) ,趨勢值,0.217784325200959,預期報酬,17480.555198607973580,風險,80265.442347505362704,夏普值報酬,0.089799394000000,夏普值風險,0.028412497813978,夏普值,3.160559644841265,最佳解實驗#,1,最佳解世代數,2512,最佳解出現次數,50,最佳解平均,0.217784325200959,最佳解標準差,0.000000000000000,每次實驗找到最佳解平均世代數,2157.000000000000000,有找到最佳解平均世代數,2512.000000000000000
68,3,DIS[6](2) GS[8](7) NKE[19](1) ,趨勢值,0.184476889132020,預期報酬,17842.952145684266725,風險,96721.883319026877871,夏普值報酬,0.095803133000000,夏普值風險,0.028789455581385,夏普值,3.327716035795639,最佳解實驗#,1,最佳解世代數,1736,最佳解出現次數,50,最佳解平均,0.184476889132020,最佳解標準差,0.000000000000000,每次實驗找到最佳解平均世代數,2250.000000000000000,有找到最佳解平均世代數,1736.000000000000000
69,2,HD[9](2) NKE[19](1) ,趨勢值,0.072293015500076,預期報酬,15625.330417765435413,風險,216138.866385357978288,夏普值報酬,0.063483888000000,夏普值風險,0.033319246396615,夏普值,1.905321844447517,最佳解實驗#,1,最佳解世代數,1780,最佳解出現次數,50,最佳解平均,0.072293015500076,最佳解標準差,0.000000000000000,每次實驗找到最佳解平均世代數,2030.000000000000000,有找到最佳解平均世代數,1780.000000000000000
70,2,HD[9](1) NKE[19](2) ,趨勢值,0.044985789437331,預期報酬,11555.141581730775215,風險,256862.038573940692004,夏普值報酬,0.080162612000000,夏普值風險,0.022845697946567,夏普值,3.508871218882845,最佳解實驗#,1,最佳解世代數,2489,最佳解出現次數,50,最佳解平均,0.044985789437331,最佳解標準差,0.000000000000000,每次實驗找到最佳解平均世代數,2056.000000000000000,有找到最佳解平均世代數,2489.000000000000000
71,1,INTC[11](1) ,趨勢值,0.032485904860482,預期報酬,18388.290619186045660,風險,566039.046723769744858,夏普值報酬,0.160902693000000,夏普值風險,0.075090307267228,夏普值,2.142789114277913,最佳解實驗#,1,最佳解世代數,2008,最佳解出現次數,50,最佳解平均,0.032485904860482,最佳解標準差,0.000000000000000,每次實驗找到最佳解平均世代數,2250.000000000000000,有找到最佳解平均世代數,2008.000000000000000
72,3,DIS[6](7) MCD[15](1) NKE[19](4) ,趨勢值,0.147915885266991,預期報酬,30802.934059101971798,風險,208246.288108286040369,夏普值報酬,0.157565208000000,夏普值風險,0.060017313628169,夏普值,2.625329233763741,最佳解實驗#,1,最佳解世代數,2131,最佳解出現次數,50,最佳解平均,0.147915885266991,最佳解標準差,0.000000000000000,每次實驗找到最佳解平均世代數,2070.000000000000000,有找到最佳解平均世代數,2131.000000000000000
73,5,HD[9](2) JNJ[12](4) MCD[15](1) PG[21](5) WMT[28](30) ,趨勢值,0.143016129572165,預期報酬,17661.384253689629986,風險,123492.254380844693515,夏普值報酬,0.090049428000000,夏普值風險,0.026771851950571,夏普值,3.363586059203432,最佳解實驗#,1,最佳解世代數,2720,最佳解出現次數,50,最佳解平均,0.143016129572165,最佳解標準差,0.000000000000000,每次實驗找到最佳解平均世代數,2207.000000000000000,有找到最佳解平均世代數,2720.000000000000000,73,**有趨勢值為負的股票,WMT 
74,2,MCD[15](2) WMT[28](1) ,趨勢值,0.119131977344991,預期報酬,14991.960941687842933,風險,125843.298128704671399,夏普值報酬,0.122322191000000,夏普值風險,0.027964225774795,夏普值,4.374238428236812,最佳解實驗#,1,最佳解世代數,1914,最佳解出現次數,50,最佳解平均,0.119131977344991,最佳解標準差,0.000000000000000,每次實驗找到最佳解平均世代數,1990.000000000000000,有找到最佳解平均世代數,1914.000000000000000
75,1,WMT[28](1) ,趨勢值,0.121475513299694,預期報酬,23473.108854006797628,風險,193233.255134275328601,夏普值報酬,0.118764000000000,夏普值風險,0.044408765424358,夏普值,2.674336898698375,最佳解實驗#,1,最佳解世代數,2053,最佳解出現次數,50,最佳解平均,0.121475513299694,最佳解標準差,0.000000000000000,每次實驗找到最佳解平均世代數,2156.000000000000000,有找到最佳解平均世代數,2053.000000000000000
76,2,VZ[26](1) WMT[28](2) ,趨勢值,0.136639548571138,預期報酬,25052.223587726199185,風險,183345.333395063207718,夏普值報酬,0.134973862000000,夏普值風險,0.044484375562178,夏普值,3.034185830288653,最佳解實驗#,1,最佳解世代數,2593,最佳解出現次數,50,最佳解平均,0.136639548571138,最佳解標準差,0.000000000000000,每次實驗找到最佳解平均世代數,1981.000000000000000,有找到最佳解平均世代數,2593.000000000000000
77,7,AXP[1](4) DD[7](8) KO[14](13) MMM[16](1) MRK[17](12) PFE[20](22) XOM[29](5) ,趨勢值,0.328056496619353,預期報酬,23127.583945327151014,風險,70498.783543867219123,夏普值報酬,0.122515690000000,夏普值風險,0.040491052991205,夏普值,3.025747194734863,最佳解實驗#,1,最佳解世代數,1607,最佳解出現次數,32,最佳解平均,0.326407004550380,最佳解標準差,0.002199322758630,每次實驗找到最佳解平均世代數,2203.000000000000000,有找到最佳解平均世代數,1607.000000000000000
78,3,MMM[16](8) PFE[20](3) XOM[29](1) ,趨勢值,0.207614648982721,預期報酬,20646.807289579592180,風險,99447.738349609266152,夏普值報酬,0.109028699000000,夏普值風險,0.032952892762864,夏普值,3.308623002678232,最佳解實驗#,1,最佳解世代數,2466,最佳解出現次數,50,最佳解平均,0.207614648982721,最佳解標準差,0.000000000000000,每次實驗找到最佳解平均世代數,2233.000000000000000,有找到最佳解平均世代數,2466.000000000000000
79,3,PFE[20](3) VZ[26](27) XOM[29](2) ,趨勢值,0.163741761204264,預期報酬,14854.116473278174453,風險,90716.725922766010626,夏普值報酬,0.105263487000000,夏普值風險,0.023405397750861,夏普值,4.497402185618887,最佳解實驗#,1,最佳解世代數,2265,最佳解出現次數,50,最佳解平均,0.163741761204263,最佳解標準差,0.000000000000000,每次實驗找到最佳解平均世代數,2218.000000000000000,有找到最佳解平均世代數,2265.000000000000000,79,**有趨勢值為負的股票,VZ 
80,3,JNJ[12](2) PFE[20](1) WMT[28](4) ,趨勢值,0.174352834377942,預期報酬,18804.641160479939572,風險,107853.945865413654246,夏普值報酬,0.103411060000000,夏普值風險,0.034750151805533,夏普值,2.975844841734872,最佳解實驗#,1,最佳解世代數,2515,最佳解出現次數,50,最佳解平均,0.174352834377942,最佳解標準差,0.000000000000000,每次實驗找到最佳解平均世代數,2289.000000000000000,有找到最佳解平均世代數,2515.000000000000000
81,5,CAT[3](2) MRK[17](6) MSFT[18](16) PG[21](1) VZ[26](14) ,趨勢值,0.147873141633957,預期報酬,17069.910679976503161,風險,115436.180575855774805,夏普值報酬,0.078473204000000,夏普值風險,0.032330859177196,夏普值,2.427192038724136,最佳解實驗#,1,最佳解世代數,1374,最佳解出現次數,50,最佳解平均,0.147873141633957,最佳解標準差,0.000000000000000,每次實驗找到最佳解平均世代數,2466.000000000000000,有找到最佳解平均世代數,1374.000000000000000
82,4,AAPL[0](2) INTC[11](4) JPM[13](5) PG[21](3) ,趨勢值,0.169153934782437,預期報酬,19300.087667486594000,風險,114097.775451159890508,夏普值報酬,0.107562158000000,夏普值風險,0.030369870493638,夏普值,3.541739106939276,最佳解實驗#,1,最佳解世代數,1777,最佳解出現次數,50,最佳解平均,0.169153934782437,最佳解標準差,0.000000000000000,每次實驗找到最佳解平均世代數,2032.000000000000000,有找到最佳解平均世代數,1777.000000000000000
83,6,AAPL[0](2) BA[2](12) GS[8](4) INTC[11](5) JPM[13](1) V[25](3) ,趨勢值,0.148713413321133,預期報酬,11696.299600064068727,風險,78649.930351655246341,夏普值報酬,0.060899909000000,夏普值風險,0.019225592117777,夏普值,3.167648030132125,最佳解實驗#,1,最佳解世代數,1872,最佳解出現次數,50,最佳解平均,0.148713413321134,最佳解標準差,0.000000000000000,每次實驗找到最佳解平均世代數,2036.000000000000000,有找到最佳解平均世代數,1872.000000000000000
84,3,AAPL[0](8) BA[2](1) CVX[5](4) ,趨勢值,0.193864885483985,預期報酬,15740.336056664815260,風險,81192.300593111300259,夏普值報酬,0.095930829000000,夏普值風險,0.028470165681519,夏普值,3.369521276171262,最佳解實驗#,1,最佳解世代數,1941,最佳解出現次數,50,最佳解平均,0.193864885483985,最佳解標準差,0.000000000000000,每次實驗找到最佳解平均世代數,2188.000000000000000,有找到最佳解平均世代數,1941.000000000000000
85,3,BA[2](1) GS[8](2) MSFT[18](5) ,趨勢值,0.234247649260585,預期報酬,44266.837503280825331,風險,188974.521806350996485,夏普值報酬,0.239736210000000,夏普值風險,0.078919956431378,夏普值,3.037713410402785,最佳解實驗#,1,最佳解世代數,1933,最佳解出現次數,50,最佳解平均,0.234247649260585,最佳解標準差,0.000000000000000,每次實驗找到最佳解平均世代數,1971.000000000000000,有找到最佳解平均世代數,1933.000000000000000
86,5,AAPL[0](22) AXP[1](4) BA[2](2) DIS[6](1) NKE[19](10) ,趨勢值,0.244721190464452,預期報酬,21506.032344577572076,風險,87879.730822499041096,夏普值報酬,0.114112273000000,夏普值風險,0.037856090102430,夏普值,3.014370282066564,最佳解實驗#,1,最佳解世代數,2268,最佳解出現次數,50,最佳解平均,0.244721190464452,最佳解標準差,0.000000000000000,每次實驗找到最佳解平均世代數,2267.000000000000000,有找到最佳解平均世代數,2268.000000000000000
87,4,AAPL[0](2) AXP[1](1) DIS[6](6) V[25](3) ,趨勢值,0.277830236444438,預期報酬,25314.108239804922050,風險,91113.582753860595403,夏普值報酬,0.141011227000000,夏普值風險,0.041605831714403,夏普值,3.389217837728908,最佳解實驗#,1,最佳解世代數,2545,最佳解出現次數,50,最佳解平均,0.277830236444437,最佳解標準差,0.000000000000000,每次實驗找到最佳解平均世代數,2050.000000000000000,有找到最佳解平均世代數,2545.000000000000000
88,5,AAPL[0](1) DIS[6](9) KO[14](21) MMM[16](16) MSFT[18](8) ,趨勢值,0.332192985627592,預期報酬,16344.330942427041009,風險,49201.312639244024467,夏普值報酬,0.087962784000000,夏普值風險,0.027884669107329,夏普值,3.154521348681889,最佳解實驗#,1,最佳解世代數,2150,最佳解出現次數,50,最佳解平均,0.332192985627592,最佳解標準差,0.000000000000000,每次實驗找到最佳解平均世代數,2193.000000000000000,有找到最佳解平均世代數,2150.000000000000000
89,6,AAPL[0](6) DIS[6](13) KO[14](11) MSFT[18](20) WMT[28](1) XOM[29](27) ,趨勢值,0.212221253729880,預期報酬,11321.214646657468620,風險,53346.281051884507178,夏普值報酬,0.062165005000000,夏普值風險,0.017236156616156,夏普值,3.606662806819099,最佳解實驗#,1,最佳解世代數,2057,最佳解出現次數,50,最佳解平均,0.212221253729880,最佳解標準差,0.000000000000000,每次實驗找到最佳解平均世代數,2215.000000000000000,有找到最佳解平均世代數,2057.000000000000000,89,**有趨勢值為負的股票,XOM 
90,5,AAPL[0](1) DIS[6](15) JNJ[12](11) KO[14](4) WMT[28](8) ,趨勢值,0.246144156181057,預期報酬,9873.683048524138940,風險,40113.416469905241684,夏普值報酬,0.058657789000000,夏普值風險,0.017545711251887,夏普值,3.343141133346193,最佳解實驗#,1,最佳解世代數,1806,最佳解出現次數,50,最佳解平均,0.246144156181057,最佳解標準差,0.000000000000000,每次實驗找到最佳解平均世代數,2029.000000000000000,有找到最佳解平均世代數,1806.000000000000000
91,6,BA[2](6) JNJ[12](13) MCD[15](1) UNH[23](2) WMT[28](10) XOM[29](17) ,趨勢值,0.281679778108000,預期報酬,16535.897972675276833,風險,58704.597411089918751,夏普值報酬,0.079101891000000,夏普值風險,0.029677467921447,夏普值,2.665385443575334,最佳解實驗#,1,最佳解世代數,2151,最佳解出現次數,47,最佳解平均,0.281624788957118,最佳解標準差,0.000217653329549,每次實驗找到最佳解平均世代數,2562.000000000000000,有找到最佳解平均世代數,2151.000000000000000,91,**有趨勢值為負的股票,XOM 
92,4,JNJ[12](2) JPM[13](15) MCD[15](1) V[25](3) ,趨勢值,0.312026270504824,預期報酬,14412.914488260284998,風險,46191.349417284014635,夏普值報酬,0.073852065000000,夏普值風險,0.024745048570599,夏普值,2.984518894327327,最佳解實驗#,7,最佳解世代數,2313,最佳解出現次數,5,最佳解平均,0.300643671149682,最佳解標準差,0.003913059929655,每次實驗找到最佳解平均世代數,2296.000000000000000,有找到最佳解平均世代數,2313.000000000000000
93,4,JPM[13](6) MCD[15](3) PG[21](10) V[25](7) ,趨勢值,0.284008266096944,預期報酬,13045.290717343725191,風險,45932.785325659569935,夏普值報酬,0.066567060000000,夏普值風險,0.022252883638247,夏普值,2.991390288204607,最佳解實驗#,7,最佳解世代數,1698,最佳解出現次數,3,最佳解平均,0.281254724305235,最佳解標準差,0.002265710514791,每次實驗找到最佳解平均世代數,2531.000000000000000,有找到最佳解平均世代數,1698.000000000000000
94,7,AXP[1](11) CAT[3](1) HD[9](21) MCD[15](12) PG[21](4) UNH[23](5) V[25](2) ,趨勢值,0.265907180410375,預期報酬,12650.715348940762851,風險,47575.681594671048515,夏普值報酬,0.068287445000000,夏普值風險,0.022691789298924,夏普值,3.009345984154596,最佳解實驗#,1,最佳解世代數,1924,最佳解出現次數,24,最佳解平均,0.256597157078805,最佳解標準差,0.009487313495256,每次實驗找到最佳解平均世代數,2401.000000000000000,有找到最佳解平均世代數,1924.000000000000000
95,7,AAPL[0](17) CAT[3](2) HD[9](3) MCD[15](10) PFE[20](4) V[25](1) VZ[26](22) ,趨勢值,0.266104453619424,預期報酬,14036.700970052846969,風險,52748.838958282838576,夏普值報酬,0.086058724000000,夏普值風險,0.025192740696440,夏普值,3.416012772765183,最佳解實驗#,1,最佳解世代數,1746,最佳解出現次數,48,最佳解平均,0.265825817438822,最佳解標準差,0.001365032932706,每次實驗找到最佳解平均世代數,2506.000000000000000,有找到最佳解平均世代數,1746.000000000000000
96,7,CSCO[4](10) CVX[5](17) DIS[6](25) HD[9](8) INTC[11](3) TRV[22](11) WMT[28](7) ,趨勢值,0.580335941469892,預期報酬,24330.196530277455167,風險,41924.331739049644966,夏普值報酬,0.154444547000000,夏普值風險,0.041699254149909,夏普值,3.703772409088463,最佳解實驗#,1,最佳解世代數,2598,最佳解出現次數,46,最佳解平均,0.578139904862269,最佳解標準差,0.007447122463960,每次實驗找到最佳解平均世代數,2517.000000000000000,有找到最佳解平均世代數,2598.000000000000000,96,**有趨勢值為負的股票,DIS 
97,11,AAPL[0](12) CAT[3](2) CSCO[4](11) CVX[5](25) DIS[6](16) HD[9](17) KO[14](23) MCD[15](5) MSFT[18](7) NKE[19](3) WMT[28](1) ,趨勢值,0.583640638829683,預期報酬,24045.424697342517902,風險,41199.024018544085266,夏普值報酬,0.132361174000000,夏普值風險,0.040797031107890,夏普值,3.244382505431946,最佳解實驗#,1,最佳解世代數,3138,最佳解出現次數,42,最佳解平均,0.581495998593073,最佳解標準差,0.009062988991844,每次實驗找到最佳解平均世代數,2640.000000000000000,有找到最佳解平均世代數,3138.000000000000000
98,8,AXP[1](20) CAT[3](8) DIS[6](7) HD[9](2) MSFT[18](18) NKE[19](3) WBA[27](5) WMT[28](4) ,趨勢值,0.454158976008267,預期報酬,28633.830591459296556,風險,63048.034067564272846,夏普值報酬,0.153990790000000,夏普值風險,0.048208628803522,夏普值,3.194257829394028,最佳解實驗#,1,最佳解世代數,3238,最佳解出現次數,43,最佳解平均,0.453355973892472,最佳解標準差,0.001990223717242,每次實驗找到最佳解平均世代數,2446.000000000000000,有找到最佳解平均世代數,3238.000000000000000
99,1,BA[2](1) ,趨勢值,0.166476232965563,預期報酬,53986.473734182371118,風險,324289.376161881315056,夏普值報酬,0.299860707000000,夏普值風險,0.086057245533179,夏普值,3.484433009006660,最佳解實驗#,1,最佳解世代數,1930,最佳解出現次數,50,最佳解平均,0.166476232965563,最佳解標準差,0.000000000000000,每次實驗找到最佳解平均世代數,2135.000000000000000,有找到最佳解平均世代數,1930.000000000000000
100,3,BA[2](3) CSCO[4](1) INTC[11](7) ,趨勢值,0.081525503244447,預期報酬,27872.331440585057862,風險,341884.813111945753917,夏普值報酬,0.111259886000000,夏普值風險,0.042691186891101,夏普值,2.606155839232310,最佳解實驗#,1,最佳解世代數,1797,最佳解出現次數,50,最佳解平均,0.081525503244447,最佳解標準差,0.000000000000000,每次實驗找到最佳解平均世代數,2127.000000000000000,有找到最佳解平均世代數,1797.000000000000000
101,2,CSCO[4](2) INTC[11](1) ,趨勢值,0.035758334224702,預期報酬,12507.057072525827607,風險,349766.210974274436012,夏普值報酬,0.060544699000000,夏普值風險,0.043645129674021,夏普值,1.387204012273508,最佳解實驗#,1,最佳解世代數,1778,最佳解出現次數,50,最佳解平均,0.035758334224702,最佳解標準差,0.000000000000000,每次實驗找到最佳解平均世代數,2128.000000000000000,有找到最佳解平均世代數,1778.000000000000000
102,2,CVX[5](1) INTC[11](2) ,趨勢值,0.111063285190206,預期報酬,21175.287733228982688,風險,190659.655861649778672,夏普值報酬,0.106557452000000,夏普值風險,0.041075568734082,夏普值,2.594180805866376,最佳解實驗#,1,最佳解世代數,1711,最佳解出現次數,50,最佳解平均,0.111063285190206,最佳解標準差,0.000000000000000,每次實驗找到最佳解平均世代數,2190.000000000000000,有找到最佳解平均世代數,1711.000000000000000
103,7,AAPL[0](8) HD[9](7) NKE[19](5) PFE[20](15) UNH[23](2) V[25](1) VZ[26](16) ,趨勢值,0.170180054293838,預期報酬,17956.092517441858945,風險,105512.321005834775860,夏普值報酬,0.094893011000000,夏普值風險,0.031495960296051,夏普值,3.012862922991957,最佳解實驗#,1,最佳解世代數,2088,最佳解出現次數,50,最佳解平均,0.170180054293838,最佳解標準差,0.000000000000000,每次實驗找到最佳解平均世代數,2287.000000000000000,有找到最佳解平均世代數,2088.000000000000000
104,7,AAPL[0](11) DIS[6](7) HD[9](6) KO[14](15) NKE[19](2) PG[21](1) VZ[26](17) ,趨勢值,0.205862036537311,預期報酬,16409.571199798752787,風險,79711.497446614521323,夏普值報酬,0.094202459000000,夏普值風險,0.029162811972166,夏普值,3.230225503970928,最佳解實驗#,1,最佳解世代數,2150,最佳解出現次數,49,最佳解平均,0.205745455619120,最佳解標準差,0.000816066427336,每次實驗找到最佳解平均世代數,2162.000000000000000,有找到最佳解平均世代數,2150.000000000000000
105,6,DIS[6](7) PFE[20](10) PG[21](2) V[25](8) VZ[26](1) WMT[28](6) ,趨勢值,0.276050696541548,預期報酬,22838.971902845234581,風險,82734.701230532125919,夏普值報酬,0.131468622000000,夏普值風險,0.039028078252021,夏普值,3.368565091805240,最佳解實驗#,1,最佳解世代數,1331,最佳解出現次數,50,最佳解平均,0.276050696541548,最佳解標準差,0.000000000000000,每次實驗找到最佳解平均世代數,2179.000000000000000,有找到最佳解平均世代數,1331.000000000000000
106,5,CSCO[4](18) HD[9](21) MRK[17](1) MSFT[18](9) PFE[20](2) ,趨勢值,0.433647257642268,預期報酬,24573.120998781392700,風險,56666.151038023388537,夏普值報酬,0.138418415000000,夏普值風險,0.041185658961903,夏普值,3.360840119810609,最佳解實驗#,2,最佳解世代數,2679,最佳解出現次數,17,最佳解平均,0.427041531912281,最佳解標準差,0.004741197301593,每次實驗找到最佳解平均世代數,2698.000000000000000,有找到最佳解平均世代數,2679.000000000000000
107,4,MCD[15](4) MRK[17](1) PFE[20](2) WBA[27](3) ,趨勢值,0.158188427868314,預期報酬,17096.416766134621867,風險,108076.279640168970218,夏普值報酬,0.115912452000000,夏普值風險,0.032267748694277,夏普值,3.592207597072203,最佳解實驗#,1,最佳解世代數,2251,最佳解出現次數,50,最佳解平均,0.158188427868314,最佳解標準差,0.000000000000000,每次實驗找到最佳解平均世代數,2045.000000000000000,有找到最佳解平均世代數,2251.000000000000000
108,3,MCD[15](4) PFE[20](6) WBA[27](1) ,趨勢值,0.178300056379924,預期報酬,23310.689968363338266,風險,130738.545133673804230,夏普值報酬,0.161432919000000,夏普值風險,0.042407473419308,夏普值,3.806709194952847,最佳解實驗#,1,最佳解世代數,2222,最佳解出現次數,50,最佳解平均,0.178300056379925,最佳解標準差,0.000000000000000,每次實驗找到最佳解平均世代數,2072.000000000000000,有找到最佳解平均世代數,2222.000000000000000
109,2,MRK[17](2) PG[21](1) ,趨勢值,0.066420432198728,預期報酬,18533.503836004860204,風險,279033.171307181997690,夏普值報酬,0.082057960000000,夏普值風險,0.042378227300637,夏普值,1.936323561102936,最佳解實驗#,1,最佳解世代數,2024,最佳解出現次數,50,最佳解平均,0.066420432198728,最佳解標準差,0.000000000000000,每次實驗找到最佳解平均世代數,2064.000000000000000,有找到最佳解平均世代數,2024.000000000000000
110,2,CAT[3](2) PG[21](1) ,趨勢值,0.043744347734274,預期報酬,12487.516245243821686,風險,285465.823404192691669,夏普值報酬,0.084017770000000,夏普值風險,0.021646951738631,夏普值,3.881274879458523,最佳解實驗#,1,最佳解世代數,2136,最佳解出現次數,50,最佳解平均,0.043744347734274,最佳解標準差,0.000000000000000,每次實驗找到最佳解平均世代數,2182.000000000000000,有找到最佳解平均世代數,2136.000000000000000
111,1,NKE[19](1) ,趨勢值,0.044516849438588,預期報酬,19529.524979347657791,風險,438699.621056719450280,夏普值報酬,0.132540320000000,夏普值風險,0.065600423013489,夏普值,2.020418678897036,最佳解實驗#,1,最佳解世代數,1767,最佳解出現次數,50,最佳解平均,0.044516849438588,最佳解標準差,0.000000000000000,每次實驗找到最佳解平均世代數,2260.000000000000000,有找到最佳解平均世代數,1767.000000000000000
112,9,AXP[1](5) CSCO[4](1) CVX[5](6) KO[14](28) MCD[15](23) PG[21](8) TRV[22](3) VZ[26](26) XOM[29](4) ,趨勢值,0.344259546846886,預期報酬,20541.015724806864455,風險,59667.236284206082928,夏普值報酬,0.113303359000000,夏普值風險,0.034314903841807,夏普值,3.301870217160838,最佳解實驗#,2,最佳解世代數,1304,最佳解出現次數,10,最佳解平均,0.342417487392551,最佳解標準差,0.002150486015223,每次實驗找到最佳解平均世代數,2267.000000000000000,有找到最佳解平均世代數,1304.000000000000000,112,**有趨勢值為負的股票,KO 
113,9,AAPL[0](4) CSCO[4](1) JNJ[12](13) KO[14](28) MSFT[18](2) PG[21](6) UTX[24](7) VZ[26](17) XOM[29](9) ,趨勢值,0.436201878350807,預期報酬,21454.524575202165579,風險,49184.851418608006497,夏普值報酬,0.120796148000000,夏普值風險,0.034829732191608,夏普值,3.468190548680298,最佳解實驗#,1,最佳解世代數,2261,最佳解出現次數,35,最佳解平均,0.434426523874277,最佳解標準差,0.002782639707507,每次實驗找到最佳解平均世代數,2499.000000000000000,有找到最佳解平均世代數,2261.000000000000000,113,**有趨勢值為負的股票,KO 
114,5,KO[14](1) MCD[15](4) PG[21](6) TRV[22](5) V[25](2) ,趨勢值,0.197127501115986,預期報酬,15705.236895460637243,風險,79670.450883562662057,夏普值報酬,0.069450294000000,夏普值風險,0.029355991829357,夏普值,2.365796202823160,最佳解實驗#,1,最佳解世代數,3593,最佳解出現次數,47,最佳解平均,0.195906543337034,最佳解標準差,0.004832690113701,每次實驗找到最佳解平均世代數,2402.000000000000000,有找到最佳解平均世代數,3593.000000000000000
115,5,DIS[6](8) KO[14](4) MCD[15](1) PFE[20](17) TRV[22](3) ,趨勢值,0.197892288846753,預期報酬,19583.564989805960067,風險,98960.728100787309813,夏普值報酬,0.100891265000000,夏普值風險,0.032421044148018,夏普值,3.111906715261269,最佳解實驗#,1,最佳解世代數,2171,最佳解出現次數,50,最佳解平均,0.197892288846753,最佳解標準差,0.000000000000000,每次實驗找到最佳解平均世代數,2590.000000000000000,有找到最佳解平均世代數,2171.000000000000000,115,**有趨勢值為負的股票,PFE 
116,4,KO[14](4) MCD[15](1) MRK[17](9) UNH[23](3) ,趨勢值,0.149859796430872,預期報酬,13412.801753466017544,風險,89502.335335502240923,夏普值報酬,0.056822081000000,夏普值風險,0.027249286463693,夏普值,2.085268584030966,最佳解實驗#,1,最佳解世代數,2116,最佳解出現次數,50,最佳解平均,0.149859796430872,最佳解標準差,0.000000000000000,每次實驗找到最佳解平均世代數,1996.000000000000000,有找到最佳解平均世代數,2116.000000000000000
117,2,KO[14](3) MCD[15](1) ,趨勢值,0.134477063240208,預期報酬,19155.901680456154281,風險,142447.352871167153353,夏普值報酬,0.101125530000000,夏普值風險,0.025742310472637,夏普值,3.928378150340893,最佳解實驗#,1,最佳解世代數,2398,最佳解出現次數,50,最佳解平均,0.134477063240208,最佳解標準差,0.000000000000000,每次實驗找到最佳解平均世代數,2172.000000000000000,有找到最佳解平均世代數,2398.000000000000000
118,3,AAPL[0](3) KO[14](2) PG[21](1) ,趨勢值,0.128353595840284,預期報酬,17863.473646578713669,風險,139173.924420528172050,夏普值報酬,0.102991156000000,夏普值風險,0.026890379680144,夏普值,3.830037255890753,最佳解實驗#,1,最佳解世代數,1989,最佳解出現次數,50,最佳解平均,0.128353595840284,最佳解標準差,0.000000000000000,每次實驗找到最佳解平均世代數,2203.000000000000000,有找到最佳解平均世代數,1989.000000000000000
119,1,VZ[26](1) ,趨勢值,0.117410726126232,預期報酬,18297.598084983714216,風險,155842.644779416295933,夏普值報酬,0.085383080000000,夏普值風險,0.032117447059395,夏普值,2.658464100278578,最佳解實驗#,5,最佳解世代數,1889,最佳解出現次數,10,最佳解平均,0.116764221120121,最佳解標準差,0.000323252503055,每次實驗找到最佳解平均世代數,2081.000000000000000,有找到最佳解平均世代數,1889.000000000000000
120,3,AAPL[0](1) MSFT[18](10) NKE[19](8) ,趨勢值,0.268931714892834,預期報酬,25658.713540260581794,風險,95409.771772307489300,夏普值報酬,0.152881629000000,夏普值風險,0.043253561998185,夏普值,3.534544253405407,最佳解實驗#,1,最佳解世代數,4326,最佳解出現次數,45,最佳解平均,0.268312121024466,最佳解標準差,0.001858781605106,每次實驗找到最佳解平均世代數,2796.000000000000000,有找到最佳解平均世代數,4326.000000000000000
