1,2,IBM[10](1) WBA[27](2) ,二次平均趨勢值,0.214579417444278,二次平均預期報酬,41177.098464378061180,風險,191896.776283638231689,一次預期報酬,26928.401895470313320,一次風險,226329.585377382580191,一次趨勢值,0.118978709082906,最佳解實驗#,1,最佳解世代數,2537,最佳解出現次數,50,最佳解平均,0.214579417444278,最佳解標準差,0.000000000000000,每次實驗找到最佳解平均世代數,2184.000000000000000,有找到最佳解平均世代數,2537.000000000000000,1,**有二次平均趨勢值為負的股票,IBM WBA 
2,2,V[25](1) WMT[28](2) ,二次平均趨勢值,0.209952312130783,二次平均預期報酬,40771.677241988538299,風險,194194.942785822611768,一次預期報酬,61219.394514170082402,一次風險,253602.382855556439608,一次趨勢值,0.241399129711800,最佳解實驗#,1,最佳解世代數,2507,最佳解出現次數,50,最佳解平均,0.209952312130783,最佳解標準差,0.000000000000000,每次實驗找到最佳解平均世代數,2165.000000000000000,有找到最佳解平均世代數,2507.000000000000000,2,**有二次平均趨勢值為負的股票,V WMT 
3,3,BA[2](7) JNJ[12](4) WMT[28](1) ,二次平均趨勢值,0.406121996310045,二次平均預期報酬,74970.738106333184987,風險,184601.520694531616755,一次預期報酬,68006.406007905126899,一次風險,195664.856182083400199,一次趨勢值,0.347565767991668,最佳解實驗#,1,最佳解世代數,1864,最佳解出現次數,50,最佳解平均,0.406121996310045,最佳解標準差,0.000000000000000,每次實驗找到最佳解平均世代數,2171.000000000000000,有找到最佳解平均世代數,1864.000000000000000
4,3,AAPL[0](1) MMM[16](4) WBA[27](5) ,二次平均趨勢值,0.548418960695817,二次平均預期報酬,68147.901190725606284,風險,124262.481924880354200,一次預期報酬,76669.409121111486456,一次風險,145434.984038739348762,一次趨勢值,0.527173084439499,最佳解實驗#,17,最佳解世代數,3152,最佳解出現次數,1,最佳解平均,0.535245104133264,最佳解標準差,0.001881979508936,每次實驗找到最佳解平均世代數,2007.000000000000000,有找到最佳解平均世代數,3152.000000000000000,4,**有二次平均趨勢值為負的股票,WBA 
5,3,KO[14](2) MCD[15](3) MRK[17](1) ,二次平均趨勢值,0.934687310019876,二次平均預期報酬,66043.544751760578947,風險,70658.437365921010496,一次預期報酬,55292.805620209066547,一次風險,114850.592015786431148,一次趨勢值,0.481432482408179,最佳解實驗#,1,最佳解世代數,1870,最佳解出現次數,50,最佳解平均,0.934687310019875,最佳解標準差,0.000000000000001,每次實驗找到最佳解平均世代數,1982.000000000000000,有找到最佳解平均世代數,1870.000000000000000
6,2,MSFT[18](2) VZ[26](1) ,二次平均趨勢值,0.580301598251072,二次平均預期報酬,40296.994946135222563,風險,69441.468139297518064,一次預期報酬,41882.309781291187392,一次風險,70993.748217205677065,一次趨勢值,0.589943633531675,最佳解實驗#,1,最佳解世代數,1792,最佳解出現次數,50,最佳解平均,0.580301598251072,最佳解標準差,0.000000000000000,每次實驗找到最佳解平均世代數,1981.000000000000000,有找到最佳解平均世代數,1792.000000000000000,6,**有二次平均趨勢值為負的股票,MSFT VZ 
7,5,MMM[16](2) NKE[19](23) UNH[23](5) WBA[27](7) WMT[28](10) ,二次平均趨勢值,0.713151942902271,二次平均預期報酬,49316.269407189014601,風險,69152.541611945431214,一次預期報酬,26130.842935441378359,一次風險,226737.531042263435666,一次趨勢值,0.115247100095531,最佳解實驗#,1,最佳解世代數,2389,最佳解出現次數,50,最佳解平均,0.713151942902271,最佳解標準差,0.000000000000001,每次實驗找到最佳解平均世代數,2123.000000000000000,有找到最佳解平均世代數,2389.000000000000000
8,6,AXP[1](7) INTC[11](8) PFE[20](4) TRV[22](2) UNH[23](15) WMT[28](14) ,二次平均趨勢值,0.716193460239333,二次平均預期報酬,38793.878154496655043,風險,54166.758436376629106,一次預期報酬,33279.558290546607168,一次風險,72973.628551688540028,一次趨勢值,0.456049109124046,最佳解實驗#,1,最佳解世代數,1772,最佳解出現次數,34,最佳解平均,0.709413704508827,最佳解標準差,0.009883107380845,每次實驗找到最佳解平均世代數,2198.000000000000000,有找到最佳解平均世代數,1772.000000000000000,8,**有二次平均趨勢值為負的股票,TRV UNH WMT 
9,4,KO[14](2) MSFT[18](1) PG[21](3) TRV[22](27) ,二次平均趨勢值,0.930641893857639,二次平均預期報酬,30433.389601594310079,風險,32701.503986075364082,一次預期報酬,34189.738323769270210,一次風險,46679.129264187300578,一次趨勢值,0.732441647106729,最佳解實驗#,1,最佳解世代數,1796,最佳解出現次數,50,最佳解平均,0.930641893857640,最佳解標準差,0.000000000000001,每次實驗找到最佳解平均世代數,2113.000000000000000,有找到最佳解平均世代數,1796.000000000000000,9,**有二次平均趨勢值為負的股票,PG TRV 
10,4,CVX[5](2) MSFT[18](1) PG[21](13) VZ[26](19) ,二次平均趨勢值,0.561607458954930,二次平均預期報酬,32437.106698936175235,風險,57757.613759790423501,一次預期報酬,30625.632671936808038,一次風險,60171.181133283367672,一次趨勢值,0.508975095637543,最佳解實驗#,1,最佳解世代數,3196,最佳解出現次數,42,最佳解平均,0.560591418811038,最佳解標準差,0.002344011785536,每次實驗找到最佳解平均世代數,2848.000000000000000,有找到最佳解平均世代數,3196.000000000000000,10,**有二次平均趨勢值為負的股票,MSFT PG VZ 
11,4,AXP[1](4) MRK[17](3) UNH[23](17) WMT[28](1) ,二次平均趨勢值,0.750312253489865,二次平均預期報酬,63627.445823743277288,風險,84801.288433979614638,一次預期報酬,79216.498986062710173,一次風險,156296.865196090890095,一次趨勢值,0.506833575239511,最佳解實驗#,1,最佳解世代數,2447,最佳解出現次數,50,最佳解平均,0.750312253489866,最佳解標準差,0.000000000000001,每次實驗找到最佳解平均世代數,2043.000000000000000,有找到最佳解平均世代數,2447.000000000000000,11,**有二次平均趨勢值為負的股票,WMT 
12,5,AAPL[0](1) DIS[6](2) INTC[11](12) V[25](9) VZ[26](13) ,二次平均趨勢值,0.505723457139347,二次平均預期報酬,26623.358053731240943,風險,52644.103566656332987,一次預期報酬,20217.295285902491742,一次風險,79567.398255256179255,一次趨勢值,0.254090189314025,最佳解實驗#,1,最佳解世代數,2317,最佳解出現次數,50,最佳解平均,0.505723457139347,最佳解標準差,0.000000000000000,每次實驗找到最佳解平均世代數,2079.000000000000000,有找到最佳解平均世代數,2317.000000000000000,12,**有二次平均趨勢值為負的股票,V VZ 
13,4,BA[2](5) MCD[15](3) MRK[17](4) TRV[22](1) ,二次平均趨勢值,0.151458874870347,二次平均預期報酬,14044.798167296510655,風險,92730.110264712100616,一次預期報酬,22663.489477732837258,一次風險,115434.433649983140640,一次趨勢值,0.196332140775710,最佳解實驗#,1,最佳解世代數,1852,最佳解出現次數,50,最佳解平均,0.151458874870347,最佳解標準差,0.000000000000000,每次實驗找到最佳解平均世代數,2347.000000000000000,有找到最佳解平均世代數,1852.000000000000000,13,**有二次平均趨勢值為負的股票,MCD MRK TRV 
14,2,CSCO[4](1) HD[9](2) ,二次平均趨勢值,0.788436291619191,二次平均預期報酬,50150.245358804095304,風險,63607.225963447017421,一次預期報酬,45511.552805667975917,一次風險,73586.299704637829564,一次趨勢值,0.618478616105758,最佳解實驗#,1,最佳解世代數,1802,最佳解出現次數,50,最佳解平均,0.788436291619191,最佳解標準差,0.000000000000000,每次實驗找到最佳解平均世代數,1937.000000000000000,有找到最佳解平均世代數,1802.000000000000000
15,8,AAPL[0](8) CAT[3](5) DIS[6](4) NKE[19](13) UTX[24](1) VZ[26](7) WBA[27](9) WMT[28](18) ,二次平均趨勢值,0.943124044503046,二次平均預期報酬,36162.739601143381151,風險,38343.566587996763701,一次預期報酬,33200.101503237754514,一次風險,48022.883258032226877,一次趨勢值,0.691339196042228,最佳解實驗#,7,最佳解世代數,3152,最佳解出現次數,17,最佳解平均,0.938481240352548,最佳解標準差,0.005595422184988,每次實驗找到最佳解平均世代數,2361.000000000000000,有找到最佳解平均世代數,3152.000000000000000,15,**有二次平均趨勢值為負的股票,WMT 
16,2,MCD[15](2) MMM[16](1) ,二次平均趨勢值,0.653811547853624,二次平均預期報酬,30194.652606010597083,風險,46182.501219404257427,一次預期報酬,23411.240465116279665,一次風險,75836.600161498718080,一次趨勢值,0.308706355707674,最佳解實驗#,1,最佳解世代數,1782,最佳解出現次數,50,最佳解平均,0.653811547853625,最佳解標準差,0.000000000000000,每次實驗找到最佳解平均世代數,2141.000000000000000,有找到最佳解平均世代數,1782.000000000000000
17,0,,二次平均趨勢值,0.000000000000000,二次平均預期報酬,0.000000000000000,風險,0.000000000000000,一次預期報酬,23411.240465116279665,一次風險,75836.600161498718080,一次趨勢值,0.308706355707674,最佳解實驗#,1,最佳解世代數,0,最佳解出現次數,50,最佳解平均,0.000000000000000,最佳解標準差,0.000000000000000,每次實驗找到最佳解平均世代數,0.000000000000000,有找到最佳解平均世代數,0.000000000000000
18,1,MRK[17](1) ,二次平均趨勢值,0.165831559357498,二次平均預期報酬,27496.750381883619411,風險,165811.323781901213806,一次預期報酬,34733.368326745650847,一次風險,178985.489153444679687,一次趨勢值,0.194056895288135,最佳解實驗#,1,最佳解世代數,1817,最佳解出現次數,50,最佳解平均,0.165831559357498,最佳解標準差,0.000000000000000,每次實驗找到最佳解平均世代數,2224.000000000000000,有找到最佳解平均世代數,1817.000000000000000,18,**有二次平均趨勢值為負的股票,MRK 
19,3,GS[8](3) KO[14](1) VZ[26](7) ,二次平均趨勢值,1.137734152583630,二次平均預期報酬,58137.874860211719351,風險,51099.700864379454288,一次預期報酬,56063.957372395067068,一次風險,54308.372088534517388,一次趨勢值,1.032326236569908,最佳解實驗#,1,最佳解世代數,2321,最佳解出現次數,50,最佳解平均,1.137734152583631,最佳解標準差,0.000000000000001,每次實驗找到最佳解平均世代數,2018.000000000000000,有找到最佳解平均世代數,2321.000000000000000
20,1,MCD[15](1) ,二次平均趨勢值,0.239964242968072,二次平均預期報酬,18057.983252399830235,風險,75252.808622835116694,一次預期報酬,24307.186940711460920,一次風險,95133.428146701364312,一次趨勢值,0.255506265402613,最佳解實驗#,1,最佳解世代數,2400,最佳解出現次數,50,最佳解平均,0.239964242968072,最佳解標準差,0.000000000000000,每次實驗找到最佳解平均世代數,2220.000000000000000,有找到最佳解平均世代數,2400.000000000000000,20,**有二次平均趨勢值為負的股票,MCD 
21,6,AAPL[0](6) CSCO[4](16) JNJ[12](5) UNH[23](12) VZ[26](7) WBA[27](11) ,二次平均趨勢值,1.299124634839764,二次平均預期報酬,54686.735229237492604,風險,42095.064447748416569,一次預期報酬,55638.322546058618173,一次風險,42932.504395782911160,一次趨勢值,1.295948683383207,最佳解實驗#,1,最佳解世代數,2193,最佳解出現次數,50,最佳解平均,1.299124634839764,最佳解標準差,0.000000000000000,每次實驗找到最佳解平均世代數,2178.000000000000000,有找到最佳解平均世代數,2193.000000000000000,21,**有二次平均趨勢值為負的股票,WBA 
22,6,DIS[6](5) GS[8](4) KO[14](7) MCD[15](11) MSFT[18](8) TRV[22](2) ,二次平均趨勢值,0.924166901116937,二次平均預期報酬,33177.422887271168293,風險,35899.817281027193530,一次預期報酬,31248.676889157359255,一次風險,39765.865499681094661,一次趨勢值,0.785816591604374,最佳解實驗#,1,最佳解世代數,2053,最佳解出現次數,50,最佳解平均,0.924166901116936,最佳解標準差,0.000000000000001,每次實驗找到最佳解平均世代數,2055.000000000000000,有找到最佳解平均世代數,2053.000000000000000
23,2,INTC[11](4) KO[14](1) ,二次平均趨勢值,0.222460265803348,二次平均預期報酬,14891.424888655947143,風險,66939.706445463671116,一次預期報酬,19841.190401691357692,一次風險,80046.842384171555750,一次趨勢值,0.247869744898454,最佳解實驗#,1,最佳解世代數,2100,最佳解出現次數,50,最佳解平均,0.222460265803348,最佳解標準差,0.000000000000000,每次實驗找到最佳解平均世代數,2196.000000000000000,有找到最佳解平均世代數,2100.000000000000000,23,**有二次平均趨勢值為負的股票,INTC KO 
24,10,AAPL[0](9) CAT[3](4) CSCO[4](11) CVX[5](1) IBM[10](14) INTC[11](26) KO[14](18) MCD[15](25) PG[21](13) VZ[26](2) ,二次平均趨勢值,1.389376658709902,二次平均預期報酬,16669.441730735044985,風險,11997.784492949063861,一次預期報酬,18681.970553359675250,一次風險,22254.525983721843659,一次趨勢值,0.839468365537180,最佳解實驗#,1,最佳解世代數,2350,最佳解出現次數,33,最佳解平均,1.371782686062734,最佳解標準差,0.025425151364656,每次實驗找到最佳解平均世代數,2423.000000000000000,有找到最佳解平均世代數,2350.000000000000000,24,**有二次平均趨勢值為負的股票,PG VZ 
25,4,DIS[6](17) IBM[10](2) UNH[23](3) XOM[29](1) ,二次平均趨勢值,0.744566427612500,二次平均預期報酬,40540.134895868788590,風險,54447.975885594714782,一次預期報酬,43139.976372822260601,一次風險,58685.725775093364064,一次趨勢值,0.735101693010520,最佳解實驗#,1,最佳解世代數,1472,最佳解出現次數,50,最佳解平均,0.744566427612500,最佳解標準差,0.000000000000000,每次實驗找到最佳解平均世代數,2100.000000000000000,有找到最佳解平均世代數,1472.000000000000000,25,**有二次平均趨勢值為負的股票,UNH XOM 
26,3,CVX[5](1) TRV[22](2) V[25](9) ,二次平均趨勢值,0.930399199504508,二次平均預期報酬,28978.726762159298232,風險,31146.551692641358386,一次預期報酬,33611.280680161959026,一次風險,48327.537432498422277,一次趨勢值,0.695489206895935,最佳解實驗#,1,最佳解世代數,2225,最佳解出現次數,26,最佳解平均,0.905205950473243,最佳解標準差,0.026221964962234,每次實驗找到最佳解平均世代數,2203.000000000000000,有找到最佳解平均世代數,2225.000000000000000,26,**有二次平均趨勢值為負的股票,TRV V 
27,2,CAT[3](1) PFE[20](2) ,二次平均趨勢值,0.308471888216365,二次平均預期報酬,41948.894255102903116,風險,135989.358698642899981,一次預期報酬,35875.297846901041339,一次風險,148345.812108668877045,一次趨勢值,0.241835595740452,最佳解實驗#,1,最佳解世代數,2389,最佳解出現次數,50,最佳解平均,0.308471888216365,最佳解標準差,0.000000000000000,每次實驗找到最佳解平均世代數,2153.000000000000000,有找到最佳解平均世代數,2389.000000000000000,27,**有二次平均趨勢值為負的股票,PFE 
28,5,AAPL[0](19) AXP[1](6) MRK[17](4) PG[21](10) WBA[27](3) ,二次平均趨勢值,1.534214271608840,二次平均預期報酬,29800.520164150490018,風險,19423.962294980108709,一次預期報酬,19178.325170731699473,一次風險,91544.862082059335080,一次趨勢值,0.209496466918488,最佳解實驗#,1,最佳解世代數,2940,最佳解出現次數,50,最佳解平均,1.534214271608841,最佳解標準差,0.000000000000000,每次實驗找到最佳解平均世代數,2503.000000000000000,有找到最佳解平均世代數,2940.000000000000000,28,**有二次平均趨勢值為負的股票,WBA 
29,2,AXP[1](2) MCD[15](1) ,二次平均趨勢值,0.311582659344084,二次平均預期報酬,20420.191863467924122,風險,65536.997169401729479,一次預期報酬,19952.254907882816042,一次風險,65668.229155461434857,一次趨勢值,0.303834215791754,最佳解實驗#,1,最佳解世代數,2258,最佳解出現次數,50,最佳解平均,0.311582659344085,最佳解標準差,0.000000000000000,每次實驗找到最佳解平均世代數,2094.000000000000000,有找到最佳解平均世代數,2258.000000000000000,29,**有二次平均趨勢值為負的股票,MCD 
30,3,MCD[15](2) MSFT[18](1) VZ[26](6) ,二次平均趨勢值,0.377127184796600,二次平均預期報酬,21800.751134729078331,風險,57807.424162453637109,一次預期報酬,5382.462134387294100,一次風險,163472.067413185694022,一次趨勢值,0.032925882810198,最佳解實驗#,1,最佳解世代數,2045,最佳解出現次數,50,最佳解平均,0.377127184796599,最佳解標準差,0.000000000000000,每次實驗找到最佳解平均世代數,2035.000000000000000,有找到最佳解平均世代數,2045.000000000000000,30,**有二次平均趨勢值為負的股票,MCD MSFT VZ 
31,1,AAPL[0](1) ,二次平均趨勢值,0.454821759573845,二次平均預期報酬,85834.902197967225220,風險,188722.066152666084236,一次預期報酬,82312.740993031402468,一次風險,191039.148311043711146,一次趨勢值,0.430868446183672,最佳解實驗#,1,最佳解世代數,2544,最佳解出現次數,50,最佳解平均,0.454821759573845,最佳解標準差,0.000000000000000,每次實驗找到最佳解平均世代數,2098.000000000000000,有找到最佳解平均世代數,2544.000000000000000
32,1,MCD[15](1) ,二次平均趨勢值,0.240935439092349,二次平均預期報酬,30617.845567830201617,風險,127079.045254503187607,一次預期報酬,13274.767234042528798,一次風險,211651.754578655585647,一次趨勢值,0.062719854415897,最佳解實驗#,1,最佳解世代數,2084,最佳解出現次數,50,最佳解平均,0.240935439092349,最佳解標準差,0.000000000000000,每次實驗找到最佳解平均世代數,2144.000000000000000,有找到最佳解平均世代數,2084.000000000000000,32,**有二次平均趨勢值為負的股票,MCD 
33,2,INTC[11](1) VZ[26](2) ,二次平均趨勢值,0.219731394157463,二次平均預期報酬,38315.809871813929931,風險,174375.673620657704305,一次預期報酬,33276.857550588894810,一次風險,180009.725267533562146,一次趨勢值,0.184861442908889,最佳解實驗#,1,最佳解世代數,2424,最佳解出現次數,50,最佳解平均,0.219731394157463,最佳解標準差,0.000000000000000,每次實驗找到最佳解平均世代數,2097.000000000000000,有找到最佳解平均世代數,2424.000000000000000,33,**有二次平均趨勢值為負的股票,INTC VZ 
34,4,AAPL[0](29) INTC[11](2) TRV[22](5) WMT[28](4) ,二次平均趨勢值,0.862049183338866,二次平均預期報酬,76317.288371009257389,風險,88530.086039196932688,一次預期報酬,86629.939115070999833,一次風險,127281.080577924265526,一次趨勢值,0.680619136180528,最佳解實驗#,1,最佳解世代數,1994,最佳解出現次數,50,最佳解平均,0.862049183338866,最佳解標準差,0.000000000000000,每次實驗找到最佳解平均世代數,2121.000000000000000,有找到最佳解平均世代數,1994.000000000000000
35,1,HD[9](1) ,二次平均趨勢值,0.121825141762817,二次平均預期報酬,25588.999337362864026,風險,210046.948988432006445,一次預期報酬,40819.905412262160098,一次風險,249722.882578703865875,一次趨勢值,0.163460813004980,最佳解實驗#,1,最佳解世代數,2382,最佳解出現次數,50,最佳解平均,0.121825141762817,最佳解標準差,0.000000000000000,每次實驗找到最佳解平均世代數,2157.000000000000000,有找到最佳解平均世代數,2382.000000000000000,35,**有二次平均趨勢值為負的股票,HD 
36,4,MCD[15](4) PFE[20](3) PG[21](5) VZ[26](1) ,二次平均趨勢值,0.665807305312798,二次平均預期報酬,31890.194312848481786,風險,47897.032757648070401,一次預期報酬,28582.102020537589851,一次風險,56166.416815870215942,一次趨勢值,0.508882418371782,最佳解實驗#,1,最佳解世代數,2026,最佳解出現次數,50,最佳解平均,0.665807305312797,最佳解標準差,0.000000000000001,每次實驗找到最佳解平均世代數,2088.000000000000000,有找到最佳解平均世代數,2026.000000000000000,36,**有二次平均趨勢值為負的股票,VZ 
37,5,AAPL[0](7) CAT[3](1) MSFT[18](6) NKE[19](2) UTX[24](11) ,二次平均趨勢值,1.375174828159953,二次平均預期報酬,52054.370771564470488,風險,37852.911284898669692,一次預期報酬,51172.298930313598248,一次風險,38574.998270405172661,一次趨勢值,1.326566460783826,最佳解實驗#,1,最佳解世代數,1841,最佳解出現次數,50,最佳解平均,1.375174828159954,最佳解標準差,0.000000000000001,每次實驗找到最佳解平均世代數,1986.000000000000000,有找到最佳解平均世代數,1841.000000000000000,37,**有二次平均趨勢值為負的股票,UTX 
38,7,HD[9](1) JPM[13](12) KO[14](9) PG[21](4) UNH[23](13) V[25](3) XOM[29](15) ,二次平均趨勢值,1.518203546025359,二次平均預期報酬,32167.349665097754041,風險,21187.771395549392764,一次預期報酬,30469.674498257860250,一次風險,25560.727372290493804,一次趨勢值,1.192050369086483,最佳解實驗#,1,最佳解世代數,1703,最佳解出現次數,46,最佳解平均,1.517374091799447,最佳解標準差,0.002812816133020,每次實驗找到最佳解平均世代數,2923.000000000000000,有找到最佳解平均世代數,1703.000000000000000,38,**有二次平均趨勢值為負的股票,UNH V XOM 
39,1,KO[14](1) ,二次平均趨勢值,0.615474304562287,二次平均預期報酬,29532.705680406583269,風險,47983.653357242365018,一次預期報酬,17407.185992094935500,一次風險,122700.984554249633220,一次趨勢值,0.141866718146819,最佳解實驗#,1,最佳解世代數,2175,最佳解出現次數,49,最佳解平均,0.614522531148179,最佳解標準差,0.006662413898754,每次實驗找到最佳解平均世代數,2751.000000000000000,有找到最佳解平均世代數,2175.000000000000000
40,3,AXP[1](6) TRV[22](1) VZ[26](2) ,二次平均趨勢值,0.534849062179537,二次平均預期報酬,38253.849020125584502,風險,71522.700001079181675,一次預期報酬,13324.843149825785076,一次風險,221801.016917091386858,一次趨勢值,0.060075663020096,最佳解實驗#,1,最佳解世代數,3148,最佳解出現次數,50,最佳解平均,0.534849062179537,最佳解標準差,0.000000000000001,每次實驗找到最佳解平均世代數,2146.000000000000000,有找到最佳解平均世代數,3148.000000000000000,40,**有二次平均趨勢值為負的股票,TRV VZ 
41,2,DIS[6](3) WMT[28](1) ,二次平均趨勢值,0.706769910744910,二次平均預期報酬,39128.444456596094824,風險,55362.351823036893620,一次預期報酬,28402.139454545431363,一次風險,114213.137880690468592,一次趨勢值,0.248676640722497,最佳解實驗#,1,最佳解世代數,2185,最佳解出現次數,50,最佳解平均,0.706769910744910,最佳解標準差,0.000000000000000,每次實驗找到最佳解平均世代數,2171.000000000000000,有找到最佳解平均世代數,2185.000000000000000,41,**有二次平均趨勢值為負的股票,DIS WMT 
42,2,JNJ[12](4) MRK[17](1) ,二次平均趨勢值,0.858518335046240,二次平均預期報酬,47449.460632508649724,風險,55269.012548174629046,一次預期報酬,46642.128662035604066,一次風險,55730.753489856884698,一次趨勢值,0.836919039153572,最佳解實驗#,1,最佳解世代數,2002,最佳解出現次數,50,最佳解平均,0.858518335046241,最佳解標準差,0.000000000000001,每次實驗找到最佳解平均世代數,2496.000000000000000,有找到最佳解平均世代數,2002.000000000000000
43,2,WBA[27](1) WMT[28](3) ,二次平均趨勢值,0.779520632294372,二次平均預期報酬,76488.728870092352736,風險,98122.776615882743499,一次預期報酬,60807.640827544557396,一次風險,170188.611995523417136,一次趨勢值,0.357295591723517,最佳解實驗#,1,最佳解世代數,2357,最佳解出現次數,50,最佳解平均,0.779520632294372,最佳解標準差,0.000000000000001,每次實驗找到最佳解平均世代數,2026.000000000000000,有找到最佳解平均世代數,2357.000000000000000,43,**有二次平均趨勢值為負的股票,WBA WMT 
44,6,AAPL[0](1) HD[9](5) NKE[19](8) PG[21](7) UNH[23](2) WMT[28](25) ,二次平均趨勢值,0.627873058468129,二次平均預期報酬,26193.352869796537561,風險,41717.593256354251935,一次預期報酬,29099.781759944482474,一次風險,50447.057340472332726,一次趨勢值,0.576838041583815,最佳解實驗#,1,最佳解世代數,2109,最佳解出現次數,50,最佳解平均,0.627873058468129,最佳解標準差,0.000000000000000,每次實驗找到最佳解平均世代數,2045.000000000000000,有找到最佳解平均世代數,2109.000000000000000,44,**有二次平均趨勢值為負的股票,NKE PG UNH WMT 
45,6,HD[9](5) IBM[10](6) MCD[15](7) MRK[17](11) PFE[20](9) WBA[27](16) ,二次平均趨勢值,0.823128957921035,二次平均預期報酬,23235.682028389681363,風險,28228.483282954468450,一次預期報酬,25803.947279352192709,一次風險,34878.669907702082128,一次趨勢值,0.739820278343069,最佳解實驗#,1,最佳解世代數,1925,最佳解出現次數,50,最佳解平均,0.823128957921035,最佳解標準差,0.000000000000000,每次實驗找到最佳解平均世代數,2039.000000000000000,有找到最佳解平均世代數,1925.000000000000000,45,**有二次平均趨勢值為負的股票,WBA 
46,1,TRV[22](1) ,二次平均趨勢值,0.160612696582301,二次平均預期報酬,28627.090010853666172,風險,178236.780902216414688,一次預期報酬,24909.068861371215462,一次風險,181260.519364668522030,一次趨勢值,0.137421369797898,最佳解實驗#,1,最佳解世代數,2442,最佳解出現次數,50,最佳解平均,0.160612696582301,最佳解標準差,0.000000000000000,每次實驗找到最佳解平均世代數,2105.000000000000000,有找到最佳解平均世代數,2442.000000000000000,46,**有二次平均趨勢值為負的股票,TRV 
47,3,BA[2](4) CSCO[4](1) PFE[20](10) ,二次平均趨勢值,0.429280987996319,二次平均預期報酬,31735.490265728458326,風險,73927.080753924703458,一次預期報酬,16362.609133192358058,一次風險,155076.361316976050148,一次趨勢值,0.105513238731125,最佳解實驗#,1,最佳解世代數,1726,最佳解出現次數,50,最佳解平均,0.429280987996319,最佳解標準差,0.000000000000000,每次實驗找到最佳解平均世代數,2074.000000000000000,有找到最佳解平均世代數,1726.000000000000000,47,**有二次平均趨勢值為負的股票,PFE 
48,3,DD[7](2) NKE[19](5) WBA[27](3) ,二次平均趨勢值,0.518976091327064,二次平均預期報酬,37504.918013083464757,風險,72267.140316965902457,一次預期報酬,46667.867693379790580,一次風險,105725.337518057218404,一次趨勢值,0.441406656047886,最佳解實驗#,1,最佳解世代數,2287,最佳解出現次數,50,最佳解平均,0.518976091327064,最佳解標準差,0.000000000000000,每次實驗找到最佳解平均世代數,2089.000000000000000,有找到最佳解平均世代數,2287.000000000000000,48,**有二次平均趨勢值為負的股票,NKE WBA 
49,8,CAT[3](10) DIS[6](13) JPM[13](7) MCD[15](1) PG[21](4) V[25](25) WBA[27](12) WMT[28](19) ,二次平均趨勢值,1.337276790702026,二次平均預期報酬,24358.827559788904182,風險,18215.247381210683670,一次預期報酬,20556.948785865301033,一次風險,38319.817136874495191,一次趨勢值,0.536457382153938,最佳解實驗#,1,最佳解世代數,2530,最佳解出現次數,50,最佳解平均,1.337276790702027,最佳解標準差,0.000000000000001,每次實驗找到最佳解平均世代數,2355.000000000000000,有找到最佳解平均世代數,2530.000000000000000,49,**有二次平均趨勢值為負的股票,V WBA WMT 
50,2,JNJ[12](2) VZ[26](1) ,二次平均趨勢值,0.750550926094324,二次平均預期報酬,19120.863545795309619,風險,25475.771038343005785,一次預期報酬,15491.048076923038025,一次風險,38565.779489360524167,一次趨勢值,0.401678593873532,最佳解實驗#,1,最佳解世代數,2314,最佳解出現次數,50,最佳解平均,0.750550926094324,最佳解標準差,0.000000000000000,每次實驗找到最佳解平均世代數,2266.000000000000000,有找到最佳解平均世代數,2314.000000000000000,50,**有二次平均趨勢值為負的股票,VZ 
51,9,AAPL[0](14) AXP[1](5) JNJ[12](1) MCD[15](15) MSFT[18](18) UNH[23](7) VZ[26](2) WBA[27](3) WMT[28](17) ,二次平均趨勢值,1.564142271841540,二次平均預期報酬,32482.170221774758829,風險,20766.761954161585891,一次預期報酬,29308.585620209112676,一次風險,33847.388833689510648,一次趨勢值,0.865903888900205,最佳解實驗#,1,最佳解世代數,2308,最佳解出現次數,32,最佳解平均,1.556976450497610,最佳解標準差,0.009554428458575,每次實驗找到最佳解平均世代數,2264.000000000000000,有找到最佳解平均世代數,2308.000000000000000,51,**有二次平均趨勢值為負的股票,VZ WBA WMT 
52,5,INTC[11](3) JNJ[12](7) MCD[15](17) NKE[19](4) VZ[26](1) ,二次平均趨勢值,0.805833734872153,二次平均預期報酬,34740.589331778079213,風險,43111.361349608581804,一次預期報酬,28282.530774703507632,一次風險,74001.194476891119848,一次趨勢值,0.382190192666897,最佳解實驗#,1,最佳解世代數,1864,最佳解出現次數,26,最佳解平均,0.791158094373325,最佳解標準差,0.015274890923399,每次實驗找到最佳解平均世代數,2021.000000000000000,有找到最佳解平均世代數,1864.000000000000000,52,**有二次平均趨勢值為負的股票,VZ 
53,9,AAPL[0](23) AXP[1](3) CSCO[4](7) HD[9](5) INTC[11](19) JPM[13](1) MMM[16](6) MRK[17](15) TRV[22](26) ,二次平均趨勢值,0.972616929798457,二次平均預期報酬,33708.808031070911966,風險,34657.846268474830140,一次預期報酬,36631.995873517800646,一次風險,44072.151451485420694,一次趨勢值,0.831182383139209,最佳解實驗#,1,最佳解世代數,2124,最佳解出現次數,47,最佳解平均,0.972412616826639,最佳解標準差,0.000808694040064,每次實驗找到最佳解平均世代數,2128.000000000000000,有找到最佳解平均世代數,2124.000000000000000
54,1,UNH[23](1) ,二次平均趨勢值,0.180854513030236,二次平均預期報酬,21543.884728858618473,風險,119122.737762462478713,一次預期報酬,19216.391027874578867,一次風險,120724.785205993015552,一次趨勢值,0.159175193354750,最佳解實驗#,1,最佳解世代數,1905,最佳解出現次數,50,最佳解平均,0.180854513030235,最佳解標準差,0.000000000000000,每次實驗找到最佳解平均世代數,2072.000000000000000,有找到最佳解平均世代數,1905.000000000000000,54,**有二次平均趨勢值為負的股票,UNH 
55,5,AAPL[0](10) CVX[5](5) IBM[10](15) JNJ[12](1) UTX[24](2) ,二次平均趨勢值,1.252561944141202,二次平均預期報酬,35680.159862180284108,風險,28485.744780186330900,一次預期報酬,37246.079014492810529,一次風險,32002.045552748972113,一次趨勢值,1.163865570814844,最佳解實驗#,1,最佳解世代數,2276,最佳解出現次數,50,最佳解平均,1.252561944141201,最佳解標準差,0.000000000000001,每次實驗找到最佳解平均世代數,2237.000000000000000,有找到最佳解平均世代數,2276.000000000000000,55,**有二次平均趨勢值為負的股票,UTX 
56,2,AAPL[0](1) MSFT[18](3) ,二次平均趨勢值,0.276595892810398,二次平均預期報酬,32383.270953520248440,風險,117077.916900662225089,一次預期報酬,37373.835151515100733,一次風險,125966.424402783391997,一次趨勢值,0.296696800982542,最佳解實驗#,1,最佳解世代數,2001,最佳解出現次數,50,最佳解平均,0.276595892810398,最佳解標準差,0.000000000000000,每次實驗找到最佳解平均世代數,2348.000000000000000,有找到最佳解平均世代數,2001.000000000000000,56,**有二次平均趨勢值為負的股票,MSFT 
57,5,AAPL[0](29) BA[2](3) NKE[19](2) UNH[23](30) V[25](6) ,二次平均趨勢值,0.768857309375686,二次平均預期報酬,31938.957324571405479,風險,41540.812495501835656,一次預期報酬,35821.287369338017015,一次風險,52865.295733605620626,一次趨勢值,0.677595516534054,最佳解實驗#,1,最佳解世代數,1426,最佳解出現次數,50,最佳解平均,0.768857309375686,最佳解標準差,0.000000000000000,每次實驗找到最佳解平均世代數,2035.000000000000000,有找到最佳解平均世代數,1426.000000000000000,57,**有二次平均趨勢值為負的股票,UNH V 
58,4,BA[2](1) INTC[11](4) PG[21](2) XOM[29](3) ,二次平均趨勢值,0.496733416894504,二次平均預期報酬,38039.452594344409590,風險,76579.209895240928745,一次預期報酬,27918.643885291403421,一次風險,124980.709438415578916,一次趨勢值,0.223383624646877,最佳解實驗#,1,最佳解世代數,1782,最佳解出現次數,50,最佳解平均,0.496733416894504,最佳解標準差,0.000000000000000,每次實驗找到最佳解平均世代數,2113.000000000000000,有找到最佳解平均世代數,1782.000000000000000,58,**有二次平均趨勢值為負的股票,XOM 
59,6,CVX[5](12) HD[9](15) MMM[16](3) MRK[17](1) UNH[23](2) WMT[28](5) ,二次平均趨勢值,1.091639743444020,二次平均預期報酬,34391.629703490056272,風險,31504.559915515474131,一次預期報酬,31575.237209059236193,一次風險,39435.561085479312169,一次趨勢值,0.800679294016325,最佳解實驗#,1,最佳解世代數,1700,最佳解出現次數,22,最佳解平均,1.081504914866504,最佳解標準差,0.010839930800780,每次實驗找到最佳解平均世代數,2518.000000000000000,有找到最佳解平均世代數,1700.000000000000000,59,**有二次平均趨勢值為負的股票,WMT 
60,5,AAPL[0](22) CAT[3](1) DIS[6](3) V[25](6) XOM[29](2) ,二次平均趨勢值,0.740175091322672,二次平均預期報酬,36791.002290317737788,風險,49705.809776134505228,一次預期報酬,27251.635493808560568,一次風險,98114.315412117837695,一次趨勢值,0.277753917757477,最佳解實驗#,1,最佳解世代數,2312,最佳解出現次數,50,最佳解平均,0.740175091322672,最佳解標準差,0.000000000000000,每次實驗找到最佳解平均世代數,2514.000000000000000,有找到最佳解平均世代數,2312.000000000000000,60,**有二次平均趨勢值為負的股票,V XOM 
61,2,MRK[17](1) UTX[24](4) ,二次平均趨勢值,0.234380425902382,二次平均預期報酬,18615.282726524168538,風險,79423.367607827938627,一次預期報酬,22995.382573240709462,一次風險,88412.138761147405603,一次趨勢值,0.260093047125176,最佳解實驗#,1,最佳解世代數,2540,最佳解出現次數,50,最佳解平均,0.234380425902382,最佳解標準差,0.000000000000000,每次實驗找到最佳解平均世代數,2385.000000000000000,有找到最佳解平均世代數,2540.000000000000000,61,**有二次平均趨勢值為負的股票,MRK UTX 
62,6,HD[9](9) MRK[17](7) NKE[19](1) UNH[23](6) VZ[26](28) XOM[29](12) ,二次平均趨勢值,1.326533633635242,二次平均預期報酬,42765.569822963690967,風險,32238.586899427969911,一次預期報酬,38547.863676113433030,一次風險,46595.785097370018775,一次趨勢值,0.827282201503010,最佳解實驗#,1,最佳解世代數,2037,最佳解出現次數,50,最佳解平均,1.326533633635243,最佳解標準差,0.000000000000001,每次實驗找到最佳解平均世代數,1986.000000000000000,有找到最佳解平均世代數,2037.000000000000000,62,**有二次平均趨勢值為負的股票,XOM 
63,5,CVX[5](3) INTC[11](2) JNJ[12](1) MSFT[18](4) PG[21](9) ,二次平均趨勢值,0.555047645573054,二次平均預期報酬,26068.956981174425891,風險,46967.061637131671887,一次預期報酬,21108.060084566594014,一次風險,64351.787274355243426,一次趨勢值,0.328010471481937,最佳解實驗#,1,最佳解世代數,1532,最佳解出現次數,41,最佳解平均,0.552926495299160,最佳解標準差,0.004527329576668,每次實驗找到最佳解平均世代數,2211.000000000000000,有找到最佳解平均世代數,1532.000000000000000,63,**有二次平均趨勢值為負的股票,MSFT PG 
64,7,AAPL[0](4) KO[14](5) MCD[15](9) MRK[17](10) TRV[22](1) WMT[28](8) XOM[29](2) ,二次平均趨勢值,0.845394050527625,二次平均預期報酬,29948.974796960996173,風險,35426.053422388431500,一次預期報酬,17411.202911507120007,一次風險,116688.038182914402569,一次趨勢值,0.149211548866853,最佳解實驗#,1,最佳解世代數,1592,最佳解出現次數,49,最佳解平均,0.845146370766120,最佳解標準差,0.001733758330531,每次實驗找到最佳解平均世代數,1951.000000000000000,有找到最佳解平均世代數,1592.000000000000000,64,**有二次平均趨勢值為負的股票,TRV WMT XOM 
65,5,AAPL[0](1) CSCO[4](5) DD[7](6) MSFT[18](15) VZ[26](2) ,二次平均趨勢值,1.108625775263314,二次平均預期報酬,30817.672034507206263,風險,27798.083647466686671,一次預期報酬,21729.084971307762316,一次風險,85253.610784302436514,一次趨勢值,0.254875831902110,最佳解實驗#,1,最佳解世代數,3309,最佳解出現次數,50,最佳解平均,1.108625775263313,最佳解標準差,0.000000000000001,每次實驗找到最佳解平均世代數,2506.000000000000000,有找到最佳解平均世代數,3309.000000000000000,65,**有二次平均趨勢值為負的股票,VZ 
66,4,AAPL[0](20) CVX[5](2) INTC[11](1) UNH[23](8) ,二次平均趨勢值,0.897445590520178,二次平均預期報酬,32497.315465211955598,風險,36210.903266431829252,一次預期報酬,34357.480033222600468,一次風險,39790.997258913535916,一次趨勢值,0.863448578824604,最佳解實驗#,1,最佳解世代數,1979,最佳解出現次數,50,最佳解平均,0.897445590520178,最佳解標準差,0.000000000000000,每次實驗找到最佳解平均世代數,1963.000000000000000,有找到最佳解平均世代數,1979.000000000000000,66,**有二次平均趨勢值為負的股票,UNH 
67,3,AAPL[0](5) DIS[6](15) INTC[11](2) ,二次平均趨勢值,0.342111421991300,二次平均預期報酬,26360.441664165398834,風險,77052.211559413393843,一次預期報酬,24590.176566534930316,一次風險,78796.381477754315711,一次趨勢值,0.312072408724469,最佳解實驗#,1,最佳解世代數,2308,最佳解出現次數,50,最佳解平均,0.342111421991300,最佳解標準差,0.000000000000000,每次實驗找到最佳解平均世代數,2148.000000000000000,有找到最佳解平均世代數,2308.000000000000000
68,2,CAT[3](1) WMT[28](12) ,二次平均趨勢值,0.844091592179006,二次平均預期報酬,28386.777294247476675,風險,33629.972810139654030,一次預期報酬,29654.680380549649271,一次風險,35459.653973908789339,一次趨勢值,0.836293563450155,最佳解實驗#,2,最佳解世代數,3853,最佳解出現次數,46,最佳解平均,0.840563032418988,最佳解標準差,0.011965928328809,每次實驗找到最佳解平均世代數,3349.000000000000000,有找到最佳解平均世代數,3853.000000000000000,68,**有二次平均趨勢值為負的股票,WMT 
69,6,GS[8](6) JNJ[12](1) KO[14](5) MCD[15](2) NKE[19](4) PG[21](3) ,二次平均趨勢值,0.389627278825125,二次平均預期報酬,18704.426690557222173,風險,48005.947496690212574,一次預期報酬,16549.324210208364093,一次風險,51669.999499173252843,一次趨勢值,0.320288840151298,最佳解實驗#,1,最佳解世代數,2015,最佳解出現次數,50,最佳解平均,0.389627278825125,最佳解標準差,0.000000000000000,每次實驗找到最佳解平均世代數,1953.000000000000000,有找到最佳解平均世代數,2015.000000000000000,69,**有二次平均趨勢值為負的股票,MCD NKE PG 
70,2,TRV[22](2) UNH[23](1) ,二次平均趨勢值,0.414060773746595,二次平均預期報酬,49173.856056418364460,風險,118759.996537398910732,一次預期報酬,29754.131882516237965,一次風險,223657.051488968165359,一次趨勢值,0.133034624593465,最佳解實驗#,1,最佳解世代數,2296,最佳解出現次數,50,最佳解平均,0.414060773746595,最佳解標準差,0.000000000000000,每次實驗找到最佳解平均世代數,2142.000000000000000,有找到最佳解平均世代數,2296.000000000000000,70,**有二次平均趨勢值為負的股票,TRV UNH 
71,10,AAPL[0](7) BA[2](8) CSCO[4](1) GS[8](23) IBM[10](25) KO[14](3) PFE[20](14) PG[21](20) TRV[22](10) V[25](12) ,二次平均趨勢值,3.351447963740481,二次平均預期報酬,26884.788483454613015,風險,8021.842730164028580,一次預期報酬,23779.779437246936141,一次風險,26034.028446682499634,一次趨勢值,0.913411440951129,最佳解實驗#,1,最佳解世代數,1964,最佳解出現次數,3,最佳解平均,3.047479825431753,最佳解標準差,0.122174425859027,每次實驗找到最佳解平均世代數,2355.000000000000000,有找到最佳解平均世代數,1964.000000000000000,71,**有二次平均趨勢值為負的股票,TRV V 
72,3,HD[9](2) UTX[24](3) WBA[27](1) ,二次平均趨勢值,0.449689155091425,二次平均預期報酬,43157.420915480513941,風險,95971.673825903722900,一次預期報酬,38857.205617918349162,一次風險,103992.929112156183692,一次趨勢值,0.373652381461541,最佳解實驗#,1,最佳解世代數,2057,最佳解出現次數,50,最佳解平均,0.449689155091426,最佳解標準差,0.000000000000000,每次實驗找到最佳解平均世代數,1954.000000000000000,有找到最佳解平均世代數,2057.000000000000000,72,**有二次平均趨勢值為負的股票,UTX WBA 
73,3,BA[2](1) MRK[17](4) UNH[23](2) ,二次平均趨勢值,0.387180191531945,二次平均預期報酬,43079.434367813359131,風險,111264.561850032187067,一次預期報酬,47703.921777003481111,一次風險,117884.333624098362634,一次趨勢值,0.404667187831070,最佳解實驗#,1,最佳解世代數,1901,最佳解出現次數,50,最佳解平均,0.387180191531944,最佳解標準差,0.000000000000000,每次實驗找到最佳解平均世代數,2024.000000000000000,有找到最佳解平均世代數,1901.000000000000000,73,**有二次平均趨勢值為負的股票,MRK UNH 
74,9,AAPL[0](10) BA[2](18) DIS[6](12) DD[7](4) IBM[10](13) JPM[13](2) NKE[19](6) VZ[26](19) WBA[27](15) ,二次平均趨勢值,1.301062044793082,二次平均預期報酬,40677.980341014546866,風險,31265.211758201647172,一次預期報酬,49729.743356275321275,一次風險,78680.677815706891124,一次趨勢值,0.632045182335070,最佳解實驗#,2,最佳解世代數,2014,最佳解出現次數,47,最佳解平均,1.300532325728142,最佳解標準差,0.002096688462381,每次實驗找到最佳解平均世代數,2668.000000000000000,有找到最佳解平均世代數,2014.000000000000000,74,**有二次平均趨勢值為負的股票,VZ WBA 
75,2,NKE[19](2) UNH[23](1) ,二次平均趨勢值,0.152783598253892,二次平均預期報酬,19023.094594713093102,風險,124510.057441512661171,一次預期報酬,9969.395220026302923,一次風險,150375.247828284860589,一次趨勢值,0.066296783307120,最佳解實驗#,1,最佳解世代數,2341,最佳解出現次數,50,最佳解平均,0.152783598253892,最佳解標準差,0.000000000000000,每次實驗找到最佳解平均世代數,2015.000000000000000,有找到最佳解平均世代數,2341.000000000000000,75,**有二次平均趨勢值為負的股票,NKE UNH 
76,8,CAT[3](2) CSCO[4](3) CVX[5](7) DIS[6](6) DD[7](1) JPM[13](11) KO[14](19) MSFT[18](4) ,二次平均趨勢值,0.689698711662104,二次平均預期報酬,36997.544485010606877,風險,53643.052914873929694,一次預期報酬,33518.220604047128290,一次風險,61883.026627099614416,一次趨勢值,0.541638352726738,最佳解實驗#,1,最佳解世代數,2480,最佳解出現次數,50,最佳解平均,0.689698711662104,最佳解標準差,0.000000000000000,每次實驗找到最佳解平均世代數,2119.000000000000000,有找到最佳解平均世代數,2480.000000000000000,76,**有二次平均趨勢值為負的股票,MSFT 
77,1,GS[8](1) ,二次平均趨勢值,0.435073223559451,二次平均預期報酬,29515.585685688081867,風險,67840.501523428931250,一次預期報酬,26855.768728222996288,一次風險,71443.271707214720664,一次趨勢值,0.375903399809040,最佳解實驗#,1,最佳解世代數,2094,最佳解出現次數,50,最佳解平均,0.435073223559451,最佳解標準差,0.000000000000000,每次實驗找到最佳解平均世代數,2170.000000000000000,有找到最佳解平均世代數,2094.000000000000000
78,1,NKE[19](1) ,二次平均趨勢值,0.365805416171704,二次平均預期報酬,32556.416730066364835,風險,88999.274725841722102,一次預期報酬,26258.158313570445898,一次風險,106591.012062199690263,一次趨勢值,0.246344957286341,最佳解實驗#,1,最佳解世代數,1769,最佳解出現次數,50,最佳解平均,0.365805416171704,最佳解標準差,0.000000000000000,每次實驗找到最佳解平均世代數,2139.000000000000000,有找到最佳解平均世代數,1769.000000000000000,78,**有二次平均趨勢值為負的股票,NKE 
79,2,TRV[22](2) V[25](1) ,二次平均趨勢值,0.595952850346773,二次平均預期報酬,49877.755978112392768,風險,83694.131086191671784,一次預期報酬,40698.360118577118556,一次風險,119638.874089930570335,一次趨勢值,0.340176722893471,最佳解實驗#,1,最佳解世代數,2137,最佳解出現次數,50,最佳解平均,0.595952850346773,最佳解標準差,0.000000000000000,每次實驗找到最佳解平均世代數,1962.000000000000000,有找到最佳解平均世代數,2137.000000000000000,79,**有二次平均趨勢值為負的股票,TRV V 
80,0,,二次平均趨勢值,0.000000000000000,二次平均預期報酬,0.000000000000000,風險,0.000000000000000,一次預期報酬,40698.360118577118556,一次風險,119638.874089930570335,一次趨勢值,0.340176722893471,最佳解實驗#,1,最佳解世代數,0,最佳解出現次數,50,最佳解平均,0.000000000000000,最佳解標準差,0.000000000000000,每次實驗找到最佳解平均世代數,0.000000000000000,有找到最佳解平均世代數,0.000000000000000
81,2,NKE[19](1) PG[21](2) ,二次平均趨勢值,0.382938345228514,二次平均預期報酬,45135.384506343762041,風險,117865.930818209628342,一次預期報酬,35259.213150105722889,一次風險,146841.215569070074707,一次趨勢值,0.240117960161674,最佳解實驗#,1,最佳解世代數,2081,最佳解出現次數,50,最佳解平均,0.382938345228515,最佳解標準差,0.000000000000000,每次實驗找到最佳解平均世代數,2013.000000000000000,有找到最佳解平均世代數,2081.000000000000000,81,**有二次平均趨勢值為負的股票,NKE PG 
82,6,CVX[5](22) DIS[6](1) INTC[11](7) NKE[19](23) TRV[22](2) UNH[23](27) ,二次平均趨勢值,1.142972444260716,二次平均預期報酬,47378.532336473806936,風險,41452.033751451148419,一次預期報酬,58359.078334650854231,一次風險,110347.702293429625570,一次趨勢值,0.528865369389080,最佳解實驗#,1,最佳解世代數,2363,最佳解出現次數,50,最佳解平均,1.142972444260715,最佳解標準差,0.000000000000000,每次實驗找到最佳解平均世代數,2494.000000000000000,有找到最佳解平均世代數,2363.000000000000000
83,1,HD[9](1) ,二次平均趨勢值,0.295964103467841,二次平均預期報酬,50724.408119538114988,風險,171387.028106433252105,一次預期報酬,27012.665257839675178,一次風險,263161.562524536275305,一次趨勢值,0.102646697331876,最佳解實驗#,1,最佳解世代數,1784,最佳解出現次數,50,最佳解平均,0.295964103467840,最佳解標準差,0.000000000000000,每次實驗找到最佳解平均世代數,2056.000000000000000,有找到最佳解平均世代數,1784.000000000000000
84,1,MCD[15](1) ,二次平均趨勢值,0.287776148859299,二次平均預期報酬,18906.049425837347371,風險,65697.068713922533789,一次預期報酬,19841.841090909034392,一次風險,66272.640041454651509,一次趨勢值,0.299397173230124,最佳解實驗#,1,最佳解世代數,2944,最佳解出現次數,49,最佳解平均,0.287738807299180,最佳解標準差,0.000261390920834,每次實驗找到最佳解平均世代數,2898.000000000000000,有找到最佳解平均世代數,2944.000000000000000,84,**有二次平均趨勢值為負的股票,MCD 
85,1,VZ[26](1) ,二次平均趨勢值,0.433424622468247,二次平均預期報酬,54559.883860355701472,風險,125880.905310940826894,一次預期報酬,15515.567016194345342,一次風險,335917.809289292898029,一次趨勢值,0.046188581215807,最佳解實驗#,1,最佳解世代數,2290,最佳解出現次數,50,最佳解平均,0.433424622468248,最佳解標準差,0.000000000000001,每次實驗找到最佳解平均世代數,2134.000000000000000,有找到最佳解平均世代數,2290.000000000000000,85,**有二次平均趨勢值為負的股票,VZ 
86,3,CSCO[4](3) DD[7](6) UTX[24](1) ,二次平均趨勢值,0.521559274755396,二次平均預期報酬,69556.774916745169321,風險,133363.125311818759656,一次預期報酬,59528.925547038306831,一次風險,157855.455446635140106,一次趨勢值,0.377110346795476,最佳解實驗#,1,最佳解世代數,2046,最佳解出現次數,50,最佳解平均,0.521559274755396,最佳解標準差,0.000000000000000,每次實驗找到最佳解平均世代數,1894.000000000000000,有找到最佳解平均世代數,2046.000000000000000,86,**有二次平均趨勢值為負的股票,UTX 
87,6,IBM[10](1) JNJ[12](18) KO[14](3) PG[21](25) UNH[23](6) WMT[28](21) ,二次平均趨勢值,1.358817502444524,二次平均預期報酬,23691.212451113053248,風險,17435.168746717172326,一次預期報酬,24169.761936758903175,一次風險,17995.810725763589289,一次趨勢值,1.343077136400219,最佳解實驗#,1,最佳解世代數,2226,最佳解出現次數,47,最佳解平均,1.353516446525103,最佳解標準差,0.020982183803239,每次實驗找到最佳解平均世代數,2609.000000000000000,有找到最佳解平均世代數,2226.000000000000000
88,4,BA[2](3) CVX[5](2) PFE[20](7) XOM[29](1) ,二次平均趨勢值,0.680284084007949,二次平均預期報酬,38902.059106628177688,風險,57185.020230715264915,一次預期報酬,41506.598372093067155,一次風險,61672.985873869591160,一次趨勢值,0.673011007720304,最佳解實驗#,1,最佳解世代數,1726,最佳解出現次數,50,最佳解平均,0.680284084007949,最佳解標準差,0.000000000000001,每次實驗找到最佳解平均世代數,2098.000000000000000,有找到最佳解平均世代數,1726.000000000000000,88,**有二次平均趨勢值為負的股票,PFE XOM 
89,5,AAPL[0](2) CSCO[4](1) JPM[13](5) MSFT[18](9) PFE[20](6) ,二次平均趨勢值,0.539019970872954,二次平均預期報酬,31163.691760357723979,風險,57815.467782923704362,一次預期報酬,11961.161655089108535,一次風險,179828.507438093540259,一次趨勢值,0.066514268652354,最佳解實驗#,1,最佳解世代數,2559,最佳解出現次數,49,最佳解平均,0.538869618975059,最佳解標準差,0.001052463285261,每次實驗找到最佳解平均世代數,2378.000000000000000,有找到最佳解平均世代數,2559.000000000000000,89,**有二次平均趨勢值為負的股票,MSFT PFE 
90,1,VZ[26](1) ,二次平均趨勢值,0.904020591747394,二次平均預期報酬,45952.376002704557322,風險,50831.116483621852240,一次預期報酬,46270.690055336002843,一次風險,50917.493500833101280,一次趨勢值,0.908738566531735,最佳解實驗#,1,最佳解世代數,2527,最佳解出現次數,50,最佳解平均,0.904020591747395,最佳解標準差,0.000000000000001,每次實驗找到最佳解平均世代數,2037.000000000000000,有找到最佳解平均世代數,2527.000000000000000,90,**有二次平均趨勢值為負的股票,VZ 
91,5,AAPL[0](12) JNJ[12](4) MSFT[18](1) PFE[20](2) WMT[28](19) ,二次平均趨勢值,0.869371436814509,二次平均預期報酬,26113.941056968898920,風險,30037.726052576352231,一次預期報酬,26894.839707317074499,一次風險,30749.287029923372756,一次趨勢值,0.874649213204346,最佳解實驗#,1,最佳解世代數,2346,最佳解出現次數,50,最佳解平均,0.869371436814509,最佳解標準差,0.000000000000000,每次實驗找到最佳解平均世代數,2080.000000000000000,有找到最佳解平均世代數,2346.000000000000000,91,**有二次平均趨勢值為負的股票,PFE WMT 
92,6,GS[8](1) JPM[13](3) NKE[19](5) PG[21](6) TRV[22](15) V[25](2) ,二次平均趨勢值,0.523765577811843,二次平均預期報酬,16961.384862577931926,風險,32383.542525719611149,一次預期報酬,18738.786209528199834,一次風險,36736.642842935150838,一次趨勢值,0.510084339759747,最佳解實驗#,1,最佳解世代數,1913,最佳解出現次數,50,最佳解平均,0.523765577811844,最佳解標準差,0.000000000000000,每次實驗找到最佳解平均世代數,2188.000000000000000,有找到最佳解平均世代數,1913.000000000000000,92,**有二次平均趨勢值為負的股票,NKE PG TRV V 
93,2,CAT[3](1) UNH[23](2) ,二次平均趨勢值,0.325234397167485,二次平均預期報酬,28092.401117182402231,風險,86375.861107691336656,一次預期報酬,16561.709145273256581,一次風險,133850.132577355019748,一次趨勢值,0.123733229294352,最佳解實驗#,1,最佳解世代數,2685,最佳解出現次數,50,最佳解平均,0.325234397167485,最佳解標準差,0.000000000000000,每次實驗找到最佳解平均世代數,2135.000000000000000,有找到最佳解平均世代數,2685.000000000000000,93,**有二次平均趨勢值為負的股票,UNH 
94,4,AAPL[0](11) BA[2](2) GS[8](1) KO[14](6) ,二次平均趨勢值,0.546468483186467,二次平均預期報酬,25739.042238107700541,風險,47100.689298718367354,一次預期報酬,27274.842914527365792,一次風險,49030.094180225285527,一次趨勢值,0.556287793661384,最佳解實驗#,1,最佳解世代數,2088,最佳解出現次數,50,最佳解平均,0.546468483186467,最佳解標準差,0.000000000000000,每次實驗找到最佳解平均世代數,2017.000000000000000,有找到最佳解平均世代數,2088.000000000000000,94,**有二次平均趨勢值為負的股票,KO 
95,3,DD[7](18) UNH[23](1) VZ[26](5) ,二次平均趨勢值,0.681985892025754,二次平均預期報酬,38022.604958643642021,風險,55752.773485830068239,一次預期報酬,26430.210601026898075,一次風險,116942.861604113160865,一次趨勢值,0.226009610492525,最佳解實驗#,1,最佳解世代數,1925,最佳解出現次數,50,最佳解平均,0.681985892025754,最佳解標準差,0.000000000000000,每次實驗找到最佳解平均世代數,2252.000000000000000,有找到最佳解平均世代數,1925.000000000000000,95,**有二次平均趨勢值為負的股票,VZ 
96,5,JNJ[12](15) JPM[13](4) TRV[22](2) V[25](24) VZ[26](1) ,二次平均趨勢值,0.644464348036305,二次平均預期報酬,23673.590141659435176,風險,36733.746736795153993,一次預期報酬,32549.805919661688677,一次風險,86860.829886377294315,一次趨勢值,0.374735147732760,最佳解實驗#,1,最佳解世代數,2258,最佳解出現次數,50,最佳解平均,0.644464348036305,最佳解標準差,0.000000000000000,每次實驗找到最佳解平均世代數,2153.000000000000000,有找到最佳解平均世代數,2258.000000000000000,96,**有二次平均趨勢值為負的股票,VZ 
97,4,AAPL[0](1) HD[9](3) MCD[15](7) PG[21](6) ,二次平均趨勢值,0.815991766883976,二次平均預期報酬,18818.748158144928311,風險,23062.424060977973568,一次預期報酬,18078.367609756041929,一次風險,23890.520185846879031,一次趨勢值,0.756717202853789,最佳解實驗#,1,最佳解世代數,2333,最佳解出現次數,50,最佳解平均,0.815991766883975,最佳解標準差,0.000000000000000,每次實驗找到最佳解平均世代數,2185.000000000000000,有找到最佳解平均世代數,2333.000000000000000,97,**有二次平均趨勢值為負的股票,PG 
98,6,BA[2](2) CVX[5](29) KO[14](25) MRK[17](19) NKE[19](17) PFE[20](3) ,二次平均趨勢值,1.862064882915168,二次平均預期報酬,32078.026330813845561,風險,17227.125985316841252,一次預期報酬,30861.194489878500463,一次風險,19773.294493008270365,一次趨勢值,1.560751269890349,最佳解實驗#,1,最佳解世代數,2347,最佳解出現次數,45,最佳解平均,1.848898060033821,最佳解標準差,0.042067751054696,每次實驗找到最佳解平均世代數,2296.000000000000000,有找到最佳解平均世代數,2347.000000000000000
99,5,AAPL[0](1) DIS[6](2) KO[14](5) MCD[15](4) MSFT[18](3) ,二次平均趨勢值,0.426462738226794,二次平均預期報酬,7739.055655559094703,風險,18147.085224227586878,一次預期報酬,3135.459565217386171,一次風險,48454.189513340745179,一次趨勢值,0.064709772193261,最佳解實驗#,1,最佳解世代數,2237,最佳解出現次數,50,最佳解平均,0.426462738226794,最佳解標準差,0.000000000000000,每次實驗找到最佳解平均世代數,1957.000000000000000,有找到最佳解平均世代數,2237.000000000000000,99,**有二次平均趨勢值為負的股票,KO MCD MSFT 
100,7,DIS[6](8) HD[9](3) KO[14](12) UNH[23](1) UTX[24](2) WBA[27](5) WMT[28](4) ,二次平均趨勢值,1.122933736156058,二次平均預期報酬,27310.308101361122681,風險,24320.498371388952364,一次預期報酬,18261.208603238825162,一次風險,76167.937585653358838,一次趨勢值,0.239749285356499,最佳解實驗#,1,最佳解世代數,2040,最佳解出現次數,50,最佳解平均,1.122933736156057,最佳解標準差,0.000000000000001,每次實驗找到最佳解平均世代數,2375.000000000000000,有找到最佳解平均世代數,2040.000000000000000,100,**有二次平均趨勢值為負的股票,UNH UTX WBA WMT 
101,1,MCD[15](1) ,二次平均趨勢值,0.911764293724541,二次平均預期報酬,30725.670600760870002,風險,33699.137827877704694,一次預期報酬,31066.204353096160048,一次風險,33848.049288503054413,一次趨勢值,0.917813729479773,最佳解實驗#,17,最佳解世代數,2048,最佳解出現次數,4,最佳解平均,0.872037504245254,最佳解標準差,0.011714791105159,每次實驗找到最佳解平均世代數,2238.000000000000000,有找到最佳解平均世代數,2048.000000000000000,101,**有二次平均趨勢值為負的股票,MCD 
102,1,AXP[1](1) ,二次平均趨勢值,0.963717261379429,二次平均預期報酬,33995.397722071997123,風險,35275.281542028475087,一次預期報酬,33358.705138339842961,一次風險,35770.205130092013860,一次趨勢值,0.932583557097818,最佳解實驗#,2,最佳解世代數,3272,最佳解出現次數,13,最佳解平均,0.927049009353361,最佳解標準差,0.021735068926839,每次實驗找到最佳解平均世代數,2311.000000000000000,有找到最佳解平均世代數,3272.000000000000000
103,8,BA[2](4) NKE[19](18) PG[21](3) TRV[22](19) UNH[23](11) V[25](1) WBA[27](13) WMT[28](5) ,二次平均趨勢值,1.626552158962627,二次平均預期報酬,30984.864355373421859,風險,19049.413315546411468,一次預期報酬,19896.840519163779391,一次風險,95306.821058279296267,一次趨勢值,0.208766175371614,最佳解實驗#,1,最佳解世代數,2481,最佳解出現次數,50,最佳解平均,1.626552158962626,最佳解標準差,0.000000000000001,每次實驗找到最佳解平均世代數,2147.000000000000000,有找到最佳解平均世代數,2481.000000000000000,103,**有二次平均趨勢值為負的股票,PG TRV UNH V WBA WMT 
104,3,CAT[3](2) MCD[15](1) PG[21](5) ,二次平均趨勢值,0.508927251821114,二次平均預期報酬,12509.197145818337958,風險,24579.538826141033496,一次預期報酬,12035.605312210922420,一次風險,25010.311526009234512,一次趨勢值,0.481225725624993,最佳解實驗#,1,最佳解世代數,2207,最佳解出現次數,50,最佳解平均,0.508927251821114,最佳解標準差,0.000000000000000,每次實驗找到最佳解平均世代數,2227.000000000000000,有找到最佳解平均世代數,2207.000000000000000,104,**有二次平均趨勢值為負的股票,MCD PG 
105,4,BA[2](8) CVX[5](1) HD[9](7) XOM[29](3) ,二次平均趨勢值,1.503910595653091,二次平均預期報酬,35746.822049259484629,風險,23769.246757474971673,一次預期報酬,41365.067421602783725,一次風險,52951.662805884370755,一次趨勢值,0.781185428930591,最佳解實驗#,1,最佳解世代數,2740,最佳解出現次數,49,最佳解平均,1.502685181849831,最佳解標準差,0.008577896622824,每次實驗找到最佳解平均世代數,2230.000000000000000,有找到最佳解平均世代數,2740.000000000000000,105,**有二次平均趨勢值為負的股票,XOM 
106,8,AAPL[0](16) INTC[11](6) MCD[15](13) MMM[16](10) NKE[19](9) TRV[22](8) UTX[24](17) WMT[28](7) ,二次平均趨勢值,2.399075528669969,二次平均預期報酬,39486.397262920210778,風險,16459.005475668040162,一次預期報酬,34457.487291172561527,一次風險,49643.991334417412872,一次趨勢值,0.694091799731738,最佳解實驗#,1,最佳解世代數,2596,最佳解出現次數,36,最佳解平均,2.393821784294509,最佳解標準差,0.008424733478854,每次實驗找到最佳解平均世代數,2287.000000000000000,有找到最佳解平均世代數,2596.000000000000000,106,**有二次平均趨勢值為負的股票,UTX WMT 
107,7,CSCO[4](3) CVX[5](18) DIS[6](12) HD[9](1) KO[14](24) NKE[19](2) VZ[26](4) ,二次平均趨勢值,1.233749303110379,二次平均預期報酬,29351.703963471598399,風險,23790.654948678497021,一次預期報酬,17109.339287224411237,一次風險,111137.129509796868660,一次趨勢值,0.153948004260054,最佳解實驗#,1,最佳解世代數,2417,最佳解出現次數,50,最佳解平均,1.233749303110379,最佳解標準差,0.000000000000000,每次實驗找到最佳解平均世代數,2064.000000000000000,有找到最佳解平均世代數,2417.000000000000000,107,**有二次平均趨勢值為負的股票,VZ 
108,3,BA[2](3) CVX[5](5) MCD[15](27) ,二次平均趨勢值,1.173663028032628,二次平均預期報酬,23672.484459778614109,風險,20169.745399120223738,一次預期報酬,25859.388491289151716,一次風險,27313.873338953435450,一次趨勢值,0.946749227778325,最佳解實驗#,1,最佳解世代數,2035,最佳解出現次數,2,最佳解平均,1.159785995347473,最佳解標準差,0.015852294773505,每次實驗找到最佳解平均世代數,2153.000000000000000,有找到最佳解平均世代數,2035.000000000000000
109,6,BA[2](12) GS[8](13) MSFT[18](1) TRV[22](2) UTX[24](7) WMT[28](6) ,二次平均趨勢值,1.029344113262833,二次平均預期報酬,53281.454501478299790,風險,51762.528988081365242,一次預期報酬,50103.376351555481961,一次風險,58937.149442975947750,一次趨勢值,0.850115365691931,最佳解實驗#,1,最佳解世代數,1849,最佳解出現次數,50,最佳解平均,1.029344113262832,最佳解標準差,0.000000000000000,每次實驗找到最佳解平均世代數,2138.000000000000000,有找到最佳解平均世代數,1849.000000000000000,109,**有二次平均趨勢值為負的股票,WMT 
110,2,AAPL[0](2) INTC[11](1) ,二次平均趨勢值,0.253874550097192,二次平均預期報酬,49315.235731035027129,風險,194250.411126894905465,一次預期報酬,127.502582995991716,一次風險,437802.901867272274103,一次趨勢值,0.000291232841199,最佳解實驗#,1,最佳解世代數,2366,最佳解出現次數,50,最佳解平均,0.253874550097192,最佳解標準差,0.000000000000000,每次實驗找到最佳解平均世代數,2213.000000000000000,有找到最佳解平均世代數,2366.000000000000000
111,2,INTC[11](1) MCD[15](2) ,二次平均趨勢值,0.111218356812355,二次平均預期報酬,13187.685994797691819,風險,118574.724288074212382,一次預期報酬,28108.704176985767845,一次風險,177671.097774403257063,一次趨勢值,0.158206396702049,最佳解實驗#,1,最佳解世代數,2378,最佳解出現次數,50,最佳解平均,0.111218356812355,最佳解標準差,0.000000000000000,每次實驗找到最佳解平均世代數,2126.000000000000000,有找到最佳解平均世代數,2378.000000000000000,111,**有二次平均趨勢值為負的股票,INTC MCD 
112,5,AXP[1](9) CVX[5](1) MCD[15](21) MRK[17](2) VZ[26](6) ,二次平均趨勢值,0.634014734605400,二次平均預期報酬,40263.672787903713470,風險,63505.894406323481235,一次預期報酬,43695.525835095177172,一次風險,70421.104432673717383,一次趨勢值,0.620489073369623,最佳解實驗#,1,最佳解世代數,2187,最佳解出現次數,38,最佳解平均,0.633173529424221,最佳解標準差,0.001496935590910,每次實驗找到最佳解平均世代數,2212.000000000000000,有找到最佳解平均世代數,2187.000000000000000,112,**有二次平均趨勢值為負的股票,VZ 
113,3,AAPL[0](4) NKE[19](2) PFE[20](12) ,二次平均趨勢值,0.602925689618344,二次平均預期報酬,25437.272942212406633,風險,42189.731471409657388,一次預期報酬,34422.156843214790570,一次風險,93713.723623295212747,一次趨勢值,0.367311803568738,最佳解實驗#,1,最佳解世代數,1961,最佳解出現次數,48,最佳解平均,0.601359474362169,最佳解標準差,0.007672856409983,每次實驗找到最佳解平均世代數,2396.000000000000000,有找到最佳解平均世代數,1961.000000000000000,113,**有二次平均趨勢值為負的股票,NKE PFE 
114,3,DIS[6](5) PG[21](1) WMT[28](3) ,二次平均趨勢值,0.352118945932896,二次平均預期報酬,20084.415519854774175,風險,57038.724419225902238,一次預期報酬,30667.212971911871136,一次風險,109818.920975177738001,一次趨勢值,0.279252543182823,最佳解實驗#,1,最佳解世代數,3071,最佳解出現次數,50,最佳解平均,0.352118945932896,最佳解標準差,0.000000000000000,每次實驗找到最佳解平均世代數,2258.000000000000000,有找到最佳解平均世代數,3071.000000000000000,114,**有二次平均趨勢值為負的股票,PG WMT 
115,4,DIS[6](7) JPM[13](1) KO[14](4) MRK[17](8) ,二次平均趨勢值,1.060228631855129,二次平均預期報酬,39713.519567536204704,風險,37457.505272280453937,一次預期報酬,36724.711597704648739,一次風險,45885.830616206905688,一次趨勢值,0.800349718083418,最佳解實驗#,1,最佳解世代數,1784,最佳解出現次數,50,最佳解平均,1.060228631855130,最佳解標準差,0.000000000000001,每次實驗找到最佳解平均世代數,2298.000000000000000,有找到最佳解平均世代數,1784.000000000000000
116,8,AAPL[0](2) AXP[1](3) CSCO[4](1) MCD[15](9) NKE[19](7) UNH[23](5) V[25](4) WBA[27](18) ,二次平均趨勢值,0.816794320452922,二次平均預期報酬,31720.794709803314618,風險,38835.718999874741712,一次預期報酬,32926.948889916733606,一次風險,40580.453151765213988,一次趨勢值,0.811399241077337,最佳解實驗#,1,最佳解世代數,1741,最佳解出現次數,49,最佳解平均,0.816770354902851,最佳解標準差,0.000167758850494,每次實驗找到最佳解平均世代數,2555.000000000000000,有找到最佳解平均世代數,1741.000000000000000,116,**有二次平均趨勢值為負的股票,V WBA 
117,4,DIS[6](4) UTX[24](10) VZ[26](25) XOM[29](3) ,二次平均趨勢值,1.189674505555824,二次平均預期報酬,24855.331082772656373,風險,20892.547471343910729,一次預期報酬,25422.879356275316240,一次風險,21377.396591189823084,一次趨勢值,1.189241133635175,最佳解實驗#,1,最佳解世代數,1860,最佳解出現次數,11,最佳解平均,1.166945987886922,最佳解標準差,0.012234066585977,每次實驗找到最佳解平均世代數,2427.000000000000000,有找到最佳解平均世代數,1860.000000000000000,117,**有二次平均趨勢值為負的股票,UTX VZ XOM 
118,3,MCD[15](2) WBA[27](3) WMT[28](1) ,二次平均趨勢值,0.381257394078873,二次平均預期報酬,35046.279728731817158,風險,91922.885360438711359,一次預期報酬,23761.714935245196102,一次風險,143450.966918030375382,一次趨勢值,0.165643463029586,最佳解實驗#,1,最佳解世代數,2126,最佳解出現次數,50,最佳解平均,0.381257394078872,最佳解標準差,0.000000000000000,每次實驗找到最佳解平均世代數,2208.000000000000000,有找到最佳解平均世代數,2126.000000000000000,118,**有二次平均趨勢值為負的股票,MCD WBA WMT 
119,1,VZ[26](1) ,二次平均趨勢值,0.331414384897240,二次平均預期報酬,30243.802080167679378,風險,91256.757275473166374,一次預期報酬,41436.739317426763591,一次風險,134830.780344534898177,一次趨勢值,0.307324033959775,最佳解實驗#,1,最佳解世代數,2225,最佳解出現次數,50,最佳解平均,0.331414384897240,最佳解標準差,0.000000000000000,每次實驗找到最佳解平均世代數,2260.000000000000000,有找到最佳解平均世代數,2225.000000000000000,119,**有二次平均趨勢值為負的股票,VZ 
120,0,,二次平均趨勢值,0.000000000000000,二次平均預期報酬,0.000000000000000,風險,0.000000000000000,一次預期報酬,41436.739317426763591,一次風險,134830.780344534898177,一次趨勢值,0.307324033959775,最佳解實驗#,1,最佳解世代數,0,最佳解出現次數,50,最佳解平均,0.000000000000000,最佳解標準差,0.000000000000000,每次實驗找到最佳解平均世代數,0.000000000000000,有找到最佳解平均世代數,0.000000000000000
